#Bat,#P,25-Man,2B,3B,AB,Avg_Salary,BA,BB9,BB_x,BB_y,BF,BK,BatAge,Buried,CG,CS,Disabled List,ER,ERA,ERA+,FIP,GDP,GF,GS,G_x,G_y,H9,HBP_x,HBP_y,HR9,HR_x,HR_y,H_x,H_y,IBB_x,IBB_y,IP,LOB_x,LOB_y,OBP,OPS,OPS+,PA,PAge,R/G,RA/G,RBI,R_x,R_y,Rank,Retained,Roster,SB,SF,SH,SLG,SO/W,SO9,SO_x,SO_y,SV,Suspended,TB,Tm,Total Payroll,W,WHIP,WP,Year,cSho,tSho
51,25,57930520.0,293,37,5421,1731183.4473684214,0.25,2.8,531,442,6102,7,28.3,,5,55,,609,3.8,104,4.02,82,157,162,162,162,8.8,61,53,1.0,172,159,1357,1414,55,16,1443.1,1064,1110,0.322,0.736,99,6096,27.4,4.51,4.09,702,731,662,,,38,133,33,50,0.413,2.39,6.6,1249,1058,58,,2240,ARI,65784971.0,94,1.286,39,2011,1,12
45,21,98521630.0,244,16,5528,2321633.255813953,0.243,3.2,504,521,6220,5,28.9,,3,44,,572,3.48,110,3.49,113,159,162,162,162,8.1,28,53,0.8,173,125,1345,1332,45,73,1479.2,1109,1176,0.308,0.695,90,6169,28.4,3.96,3.73,606,641,605,,,43,77,30,75,0.387,2.56,8.1,1260,1332,52,,2140,ATL,99830230.0,89,1.252,61,2011,2,16
50,27,94391741.0,273,13,5585,1926362.0612244897,0.257,3.3,452,535,6332,4,28.3,,3,25,,786,4.89,86,4.67,154,159,162,162,162,9.8,52,45,1.3,191,210,1434,1568,24,42,1446.2,1069,1132,0.316,0.7290000000000001,97,6156,28.2,4.37,5.31,684,708,860,,,49,81,43,24,0.413,1.95,6.5,1120,1044,32,,2306,BAL,94391741.0,69,1.454,32,2011,1,7
49,27,164517590.0,352,35,5710,3671345.978723405,0.28,3.3,578,540,6242,7,30.0,,2,42,,680,4.2,103,4.05,136,160,162,162,162,8.4,50,90,1.0,203,156,1600,1366,52,11,1457.1,1190,1133,0.349,0.81,116,6414,30.3,5.4,4.55,842,875,737,,,47,102,50,22,0.461,2.25,7.5,1108,1213,36,,2631,BOS,172553261.0,90,1.308,58,2011,1,13
42,22,124652698.0,285,36,5549,3486942.45,0.256,3.6,425,580,6262,5,29.2,,4,23,,690,4.33,90,4.11,123,158,162,162,162,9.0,59,53,1.0,148,162,1423,1439,35,45,1434.1,1141,1203,0.314,0.715,95,6130,29.4,4.04,4.67,610,654,756,,,40,69,35,60,0.401,2.11,7.7,1202,1224,40,,2224,CHC,139477698.0,71,1.408,51,2011,1,5
42,22,123584951.0,252,16,5502,3265593.725,0.252,2.7,475,439,6188,4,30.0,,6,53,,665,4.1,106,3.66,125,156,162,162,162,9.0,84,44,0.9,154,147,1387,1463,31,50,1460.0,1126,1102,0.319,0.706,89,6159,28.5,4.04,4.36,625,654,706,,,40,81,46,52,0.388,2.78,7.5,989,1220,42,,2133,CHW,130623749.0,79,1.3030000000000002,55,2011,4,14
42,21,79612874.0,264,19,5612,2155803.842105264,0.256,3.3,535,539,6259,13,28.6,,4,50,,678,4.16,95,4.37,98,158,162,162,162,8.7,63,59,1.1,183,185,1438,1414,52,47,1467.2,1189,1136,0.326,0.7340000000000001,98,6329,27.7,4.54,4.44,697,735,720,,,38,97,40,78,0.408,2.06,6.8,1250,1112,39,,2289,CIN,81920546.0,79,1.331,51,2011,2,5
46,22,55960593.0,290,26,5509,1243568.7333333334,0.25,2.9,494,463,6235,3,27.8,,2,42,,683,4.23,93,4.06,111,160,162,162,162,9.2,65,60,0.9,154,153,1380,1482,30,34,1453.1,1075,1115,0.317,0.7140000000000001,100,6142,26.7,4.35,4.69,671,704,760,,,45,89,43,31,0.396,2.21,6.3,1269,1024,38,,2184,CLE,55960593.0,80,1.338,42,2011,0,4
55,29,77731972.0,274,40,5544,2601942.8125,0.258,3.2,555,522,6215,7,28.6,,5,42,,713,4.43,103,4.24,112,157,162,162,162,9.1,57,48,1.1,163,176,1429,1471,54,47,1447.2,1172,1098,0.329,0.7390000000000001,88,6275,27.7,4.54,4.78,697,735,774,,,32,118,44,75,0.41,2.14,7.0,1201,1118,41,,2272,COL,83262170.0,73,1.3769999999999998,65,2011,2,7
45,26,111271015.0,297,34,5563,3097805.972222222,0.277,3.1,521,492,6108,5,28.7,,4,20,,647,4.04,103,3.95,142,158,162,162,162,8.8,39,52,0.9,169,149,1540,1406,47,34,1440.0,1165,1077,0.34,0.773,109,6231,27.8,4.86,4.39,750,787,711,,,36,49,58,50,0.434,2.27,7.0,1143,1115,52,,2412,DET,111521015.0,95,1.318,69,2011,2,14
47,23,72098000.0,309,28,5598,2037488.166666667,0.258,3.5,401,560,6268,9,28.2,,2,33,,719,4.51,84,4.35,111,160,162,162,162,9.3,46,53,1.2,95,188,1442,1477,34,59,1435.0,1154,1167,0.311,0.684,89,6150,27.2,3.8,4.91,579,615,796,,,42,118,37,66,0.374,2.13,7.5,1164,1191,25,,2092,HOU,85574503.0,56,1.42,39,2011,0,6
42,23,38803600.0,325,41,5672,1196860.9705882352,0.275,3.5,442,557,6280,7,25.8,,2,58,,716,4.44,92,4.27,121,160,162,162,162,9.2,39,58,1.0,129,163,1560,1487,37,42,1451.1,1156,1164,0.329,0.7440000000000001,104,6267,26.4,4.51,4.7,705,730,762,,,34,153,57,55,0.415,1.94,6.7,1006,1080,37,,2354,KCR,40693273.0,71,1.408,69,2011,0,6
43,21,133613959.0,289,34,5513,3859172.605263157,0.253,2.9,442,476,6124,4,28.9,,12,52,,581,3.57,106,3.89,126,150,162,162,162,8.5,51,36,0.9,155,142,1394,1388,33,34,1465.0,1051,1096,0.313,0.7140000000000001,102,6088,28.4,4.12,3.91,629,667,633,,,38,135,32,50,0.402,2.22,6.5,1086,1058,39,,2216,LAA,146648559.0,86,1.272,55,2011,6,11
48,21,98679615.0,237,28,5436,2894356.4634146336,0.257,3.2,498,507,5997,7,29.8,,7,40,,563,3.54,104,3.61,101,154,161,161,161,8.1,45,43,0.8,117,132,1395,1287,61,48,1432.0,1165,1089,0.322,0.6970000000000001,95,6094,28.6,4.0,3.8,613,644,612,,,41,126,43,71,0.375,2.5,8.0,1087,1265,40,,2039,LAD,118668615.0,82,1.253,50,2011,2,17
48,22,92127802.0,276,31,5447,2047284.4888888889,0.261,2.7,481,440,6048,5,28.9,,1,31,,582,3.63,109,3.59,114,161,162,162,162,8.4,56,33,0.9,185,147,1422,1348,53,16,1441.2,1110,1085,0.325,0.75,102,6113,29.3,4.45,3.94,693,721,638,,,45,94,44,85,0.425,2.86,7.8,1083,1257,47,,2315,MIL,92127802.0,96,1.24,70,2011,1,13
45,24,106871000.0,259,25,5487,3930330.827586207,0.247,3.0,440,480,6210,5,27.5,,7,39,,724,4.58,89,4.3,115,155,162,162,162,9.9,37,54,1.0,103,161,1357,1564,24,37,1421.2,1080,1141,0.306,0.6659999999999999,84,6020,28.5,3.82,4.96,572,619,804,,,29,92,25,31,0.36,1.96,6.0,1048,940,32,,1975,MIN,113979594.0,63,1.4380000000000002,47,2011,3,8
46,23,96163418.0,309,39,5600,3732416.8684210526,0.264,3.2,571,514,6316,7,28.0,,6,35,,674,4.19,88,4.0,112,156,162,162,162,9.2,51,70,0.9,108,147,1477,1482,56,48,1448.0,1257,1230,0.335,0.725,103,6335,30.0,4.43,4.58,676,718,742,,,38,130,48,65,0.391,2.19,7.0,1085,1126,43,,2188,NYM,141831841.0,77,1.378,46,2011,2,9
48,28,212609678.0,267,33,5518,5208772.634146341,0.263,3.1,627,507,6216,3,30.6,,5,46,,605,3.73,116,3.87,146,157,162,162,162,8.8,74,58,0.9,222,152,1452,1423,34,43,1458.1,1114,1184,0.343,0.7879999999999999,110,6306,31.0,5.35,4.06,836,867,657,,,41,147,51,36,0.444,2.41,7.5,1138,1222,47,,2451,NYY,213559678.0,97,1.3230000000000002,67,2011,3,8
48,26,69967475.0,280,29,5452,1699623.2888888891,0.244,3.2,509,519,6159,3,29.1,,6,43,,597,3.71,109,3.8,119,156,162,162,162,8.6,50,41,0.8,114,136,1330,1380,20,24,1447.2,1106,1137,0.311,0.68,88,6104,27.4,3.98,4.19,612,645,679,,,45,117,57,34,0.369,2.24,7.2,1094,1160,39,,2010,OAK,76483048.0,74,1.3119999999999998,53,2011,1,12
42,23,169799882.0,258,38,5579,4472846.894736842,0.253,2.5,539,404,6069,6,31.5,,18,24,,495,3.02,127,3.24,108,144,162,162,162,8.0,56,47,0.7,153,120,1409,1320,52,41,1477.0,1197,1109,0.32299999999999995,0.7170000000000001,96,6279,29.2,4.4,3.27,693,713,529,,,38,96,38,65,0.395,3.22,7.9,1024,1299,47,,2202,PHI,169968182.0,102,1.167,23,2011,7,21
52,25,46784667.0,277,35,5421,1079838.3777777778,0.244,3.3,489,535,6317,6,27.2,,5,52,,650,4.04,92,4.2,123,157,162,162,162,9.4,34,62,0.9,107,152,1325,1513,31,65,1449.1,1079,1257,0.309,0.6759999999999999,90,6064,28.1,3.77,4.4,580,610,712,,,45,108,44,75,0.368,1.93,6.4,1308,1031,43,,1993,PIT,48592727.0,72,1.413,60,2011,3,11
48,22,47418810.0,247,42,5417,1297805.6756756757,0.237,3.2,501,521,6065,6,28.0,,0,44,,551,3.42,104,3.73,105,162,162,162,162,8.2,48,37,0.8,91,125,1284,1324,42,56,1449.1,1103,1106,0.305,0.653,85,6074,28.1,3.66,3.77,563,593,611,,,37,170,47,55,0.349,2.19,7.1,1320,1139,44,,1888,SDP,48018810.0,71,1.273,45,2011,0,10
47,21,88907834.0,253,22,5421,2414979.714285714,0.233,2.7,435,436,6014,6,29.4,,12,40,,621,3.9,97,3.84,82,150,162,162,162,8.6,37,51,0.9,109,145,1263,1369,33,27,1433.0,1083,1040,0.292,0.64,84,5972,26.8,3.43,4.17,534,556,675,,,42,125,41,38,0.348,2.5,6.8,1280,1088,39,,1887,SEA,101429148.0,67,1.26,68,2011,3,10
44,17,124882250.0,282,24,5486,3230314.1025641025,0.242,3.4,448,559,6130,4,30.2,,3,51,,522,3.2,109,3.33,117,159,162,162,162,7.7,52,50,0.6,121,96,1327,1260,47,46,1468.0,1127,1148,0.303,0.6709999999999999,91,6091,28.5,3.52,3.57,534,570,578,,,39,85,43,62,0.368,2.35,8.1,1122,1316,52,,2020,SFG,125982250.0,86,1.239,42,2011,2,12
46,24,113348748.0,308,22,5532,2996341.333333333,0.273,2.8,542,448,6211,3,29.3,,7,39,,608,3.74,99,3.75,169,155,162,162,162,9.0,44,46,0.8,162,136,1513,1461,64,44,1462.0,1127,1133,0.341,0.7659999999999999,112,6242,30.2,4.7,4.27,726,762,692,,,39,57,40,84,0.425,2.45,6.8,978,1098,47,,2351,STL,116857312.0,90,1.306,48,2011,5,9
42,21,45728532.0,273,37,5436,1213119.2631578948,0.244,3.1,571,504,6010,3,28.3,,15,62,,577,3.58,105,4.03,101,147,162,162,162,7.8,73,46,1.0,172,161,1324,1263,31,38,1449.0,1118,1049,0.322,0.7240000000000001,104,6152,27.8,4.36,3.79,674,707,614,,,38,155,35,37,0.402,2.27,7.1,1193,1143,32,,2187,TBR,46098532.0,91,1.219,45,2011,5,13
45,25,99272920.0,310,32,5659,2660044.128205128,0.28300000000000003,2.9,475,461,6021,6,29.1,,10,45,,607,3.79,117,3.98,135,152,162,162,162,8.3,39,46,1.1,210,170,1599,1327,35,21,1441.1,1126,1020,0.34,0.8,110,6261,28.8,5.28,4.18,807,855,677,,,39,143,49,39,0.46,2.56,7.4,930,1179,38,,2603,TEX,103741721.0,96,1.241,43,2011,7,19
53,30,56304461.0,285,34,5559,1933989.5789473685,0.249,3.3,525,540,6286,3,28.3,,7,52,,700,4.32,99,4.29,108,155,162,162,162,8.8,48,77,1.1,186,179,1384,1433,41,28,1458.2,1090,1149,0.317,0.73,96,6210,27.6,4.59,4.7,704,743,761,,,38,131,47,31,0.413,2.16,7.2,1184,1169,33,,2295,TOR,73491604.0,81,1.3530000000000002,73,2011,3,10
44,24,72988723.0,257,22,5441,1704289.1590909092,0.242,3.0,470,477,6141,6,28.4,,3,38,,577,3.58,107,3.83,103,158,161,161,161,8.7,65,52,0.8,154,129,1319,1403,40,43,1449.1,1114,1150,0.309,0.691,89,6090,27.6,3.88,3.99,594,624,643,,,44,106,32,82,0.383,2.2,6.5,1323,1049,49,,2082,WSN,74988723.0,80,1.297,49,2011,2,10
48,23,73439259.0,307,33,5462,2023395.243902439,0.259,2.6,539,417,6063,10,28.3,,4,51,,626,3.93,104,3.81,108,158,162,162,162,9.0,41,51,1.0,165,155,1416,1432,47,18,1433.2,1122,1074,0.328,0.746,99,6150,27.4,4.53,4.25,710,734,688,,,41,93,45,61,0.418,2.88,7.5,1266,1200,39,,2284,ARI,82959205.0,81,1.29,52,2012,2,9
41,21,86492616.0,263,30,5425,2646704.2162162163,0.247,2.9,567,464,5991,3,28.4,,5,32,,549,3.42,117,3.74,108,157,162,162,162,8.2,34,41,0.9,149,145,1341,1310,37,40,1445.1,1127,1055,0.32,0.7090000000000001,90,6126,27.6,4.32,3.7,660,700,600,,,37,101,46,53,0.389,2.66,7.7,1289,1232,47,,2111,ATL,97928056.0,94,1.227,54,2012,4,16
52,26,80099381.0,270,16,5560,2042094.3414634147,0.247,2.9,480,481,6278,6,28.0,,1,29,,642,3.9,109,4.2,152,161,162,162,162,8.7,50,53,1.1,214,184,1375,1433,24,36,1483.0,1027,1124,0.311,0.728,97,6160,27.6,4.4,4.35,677,712,705,,,41,58,30,38,0.417,2.45,7.1,1315,1177,55,,2319,BAL,83725868.0,93,1.291,34,2012,1,10
56,26,168455280.0,339,16,5604,3729341.510638298,0.26,3.3,428,529,6209,11,29.4,,6,31,,754,4.7,90,4.41,105,156,162,162,162,9.0,45,66,1.2,165,190,1459,1449,27,33,1443.0,1076,1074,0.315,0.73,96,6166,28.7,4.53,4.98,695,734,806,,,47,97,55,34,0.415,2.22,7.3,1197,1176,35,,2325,BOS,175279051.0,69,1.371,42,2012,2,4
53,30,83799366.0,265,36,5411,2326830.52,0.24,3.6,447,573,6140,5,27.8,,1,45,,708,4.51,91,4.46,125,161,162,162,162,8.9,43,65,1.1,137,175,1297,1399,29,36,1413.2,1044,1140,0.302,0.68,83,5967,27.9,3.78,4.69,570,613,759,,,50,94,24,42,0.378,1.97,7.2,1235,1128,28,,2045,CHC,116341526.0,61,1.395,44,2012,0,9
45,25,108250892.0,228,29,5518,2724305.075,0.255,3.1,461,503,6098,9,30.0,,6,43,,646,4.02,106,4.23,112,156,162,162,162,8.5,65,68,1.2,211,186,1409,1365,24,29,1445.2,1038,1085,0.318,0.74,98,6111,27.5,4.62,4.17,726,748,676,,,40,109,36,31,0.422,2.48,7.8,1203,1246,37,,2328,CHW,108972203.0,85,1.2919999999999998,66,2012,2,11
38,17,89101498.0,296,30,5477,2247537.45,0.251,2.6,481,427,6056,7,28.8,,9,27,,540,3.34,123,3.72,100,153,162,162,162,8.4,47,51,0.9,172,152,1377,1356,54,33,1453.0,1135,1109,0.315,0.726,93,6115,27.1,4.13,3.63,636,669,588,,,40,87,37,73,0.411,2.92,7.7,1266,1248,56,,2249,CIN,89901498.0,97,1.227,34,2012,2,12
48,24,71325549.0,266,24,5525,1516069.3725490198,0.251,3.4,555,543,6283,6,27.8,,2,44,,766,4.78,82,4.4,141,160,162,162,162,9.4,59,55,1.1,136,174,1385,1503,28,27,1442.0,1162,1112,0.324,0.705,99,6195,27.6,4.12,5.22,635,667,845,,,51,110,39,17,0.381,2.0,6.8,1087,1086,43,,2107,CLE,77319538.0,68,1.419,67,2012,1,6
49,27,77376456.0,306,52,5577,2051415.8372093025,0.274,3.6,450,566,6384,6,28.0,,0,40,,824,5.22,89,4.59,132,162,162,162,162,10.4,36,47,1.3,166,198,1526,1637,34,61,1422.0,1111,1228,0.33,0.7659999999999999,93,6183,28.2,4.68,5.49,716,758,890,,,43,100,39,74,0.436,2.02,7.2,1213,1144,36,,2434,COL,88210881.0,64,1.5490000000000002,94,2012,0,7
47,23,138762284.0,279,39,5476,3434816.2857142864,0.268,2.8,511,438,6045,6,27.9,,9,23,,596,3.75,113,3.63,156,153,162,162,162,8.9,57,42,0.9,163,151,1467,1409,46,35,1430.2,1121,1083,0.335,0.757,103,6119,28.2,4.48,4.14,698,726,670,,,42,59,39,36,0.422,3.01,8.3,1103,1318,40,,2313,DET,144262284.0,88,1.291,46,2012,3,8
50,26,23728500.0,238,28,5407,1268540.441860465,0.236,3.4,463,540,6238,6,26.6,,3,46,,721,4.56,89,4.27,114,159,162,162,162,9.4,58,48,1.1,146,173,1276,1493,19,40,1423.1,1090,1174,0.302,0.6729999999999999,82,6014,27.2,3.6,4.9,545,583,794,,,43,105,30,54,0.371,2.17,7.4,1365,1170,31,,2008,HOU,54547239.0,55,1.4280000000000002,75,2012,2,11
46,25,66385000.0,295,37,5636,1563205.2222222222,0.265,3.4,404,542,6251,8,26.1,,2,38,,693,4.3,98,4.18,130,160,162,162,162,9.3,42,60,1.0,131,163,1492,1504,35,44,1451.1,1087,1151,0.317,0.716,94,6149,27.3,4.17,4.6,643,676,746,,,45,132,41,26,0.4,2.17,7.3,1032,1177,44,,2254,KCR,70344235.0,72,1.41,49,2012,1,12
44,23,153844690.0,273,22,5536,4365795.138888889,0.274,3.0,449,483,6034,2,28.7,,6,33,,640,4.02,95,4.26,138,156,162,162,162,8.4,47,40,1.2,187,186,1518,1339,29,20,1433.1,1079,1035,0.332,0.764,114,6121,30.1,4.73,4.31,732,767,699,,,36,134,41,47,0.433,2.4,7.3,1113,1157,38,,2396,LAA,157168625.0,89,1.271,38,2012,5,16
50,25,112952717.0,269,23,5438,2684104.8222222216,0.252,3.3,481,539,6068,2,30.4,,2,44,,538,3.34,114,3.64,139,160,162,162,162,7.9,52,45,0.8,116,122,1369,1277,49,62,1449.2,1112,1122,0.317,0.69,91,6091,29.0,3.93,3.69,607,637,597,,,45,104,38,82,0.374,2.37,7.9,1156,1276,40,,2032,LAD,120784717.0,86,1.253,46,2012,2,10
45,21,81018688.0,261,39,5437,2459824.35,0.244,3.1,484,495,6186,4,28.3,,5,41,,655,4.09,100,3.9,114,157,162,162,162,9.0,35,55,0.8,137,133,1327,1448,46,61,1440.2,1092,1140,0.308,0.69,85,6057,28.8,3.76,4.47,576,609,724,,,40,149,40,60,0.382,2.25,7.0,1228,1113,38,,2077,MIA,98392974.0,69,1.349,36,2012,3,7
46,23,108461584.0,300,39,5557,2359687.234042553,0.259,3.3,466,525,6245,5,29.1,,0,39,,682,4.22,98,3.82,111,162,162,162,162,9.0,90,31,1.0,202,169,1442,1458,35,20,1453.2,1104,1151,0.325,0.762,101,6225,29.0,4.79,4.52,741,776,733,,,47,158,35,76,0.4370000000000001,2.67,8.7,1240,1402,44,,2426,MIL,110905300.0,83,1.364,57,2012,0,9
47,25,109130327.0,270,30,5562,2227149.5306122447,0.26,2.9,505,465,6214,2,28.8,,3,37,,762,4.77,86,4.66,149,159,162,162,162,9.6,53,57,1.2,131,198,1448,1536,28,43,1438.2,1144,1066,0.325,0.715,98,6209,27.8,4.33,5.14,666,701,832,,,49,135,56,33,0.39,2.03,5.9,1069,943,35,,2171,MIN,109130327.0,66,1.391,60,2012,1,6
49,28,101930952.0,286,21,5450,2462080.8372093025,0.249,3.1,503,488,6086,3,27.9,,7,38,,651,4.09,93,3.93,118,155,162,162,162,8.6,42,40,1.0,139,161,1357,1368,43,29,1434.0,1118,1075,0.316,0.701,94,6091,30.3,4.01,4.38,625,650,709,,,43,79,30,64,0.386,2.54,7.8,1250,1240,36,,2102,NYM,105869476.0,74,1.294,40,2012,5,13
45,24,214396932.0,280,13,5524,5440368.0,0.265,2.7,565,431,6085,9,32.9,,6,27,,617,3.84,110,3.98,136,156,162,162,162,8.7,62,49,1.2,245,190,1462,1401,31,32,1445.1,1135,1081,0.337,0.79,112,6231,30.3,4.96,4.12,774,804,668,,,42,93,49,31,0.453,3.06,8.2,1176,1318,51,,2503,NYY,228495456.0,95,1.268,53,2012,2,9
50,25,56723737.0,267,32,5527,1310523.8444444444,0.238,2.8,550,462,6131,5,27.7,,1,32,,569,3.48,112,3.89,97,161,162,162,162,8.3,45,46,0.9,195,147,1315,1360,29,34,1470.0,1095,1107,0.31,0.7140000000000001,99,6183,27.9,4.4,3.79,676,713,614,,,45,122,34,27,0.404,2.46,7.0,1387,1136,47,,2231,OAK,58973573.0,94,1.239,40,2012,0,13
49,24,169582490.0,271,28,5544,3997789.4,0.255,2.5,454,409,6072,3,31.1,,5,23,,618,3.83,105,3.72,114,157,162,162,162,8.6,63,44,1.1,158,178,1414,1387,41,33,1451.1,1135,1038,0.317,0.716,92,6172,29.1,4.22,4.2,659,684,680,,,45,116,39,72,0.4,3.39,8.6,1094,1385,42,,2215,PHI,179900523.0,81,1.237,30,2012,4,11
49,25,58617066.0,241,37,5412,1404619.75,0.243,3.1,444,490,6097,3,27.7,,2,52,,615,3.86,97,3.93,98,160,162,162,162,8.5,51,45,1.0,170,153,1313,1357,32,30,1433.1,1049,1123,0.304,0.6990000000000001,93,6014,30.2,4.02,4.16,620,651,674,,,44,73,45,62,0.395,2.43,7.5,1354,1192,45,,2138,PIT,61803269.0,79,1.289,45,2012,1,10
53,30,60061913.0,272,43,5422,1636908.0256410255,0.247,3.4,539,539,6151,8,27.4,,4,46,,640,4.01,90,4.11,100,158,162,162,162,8.5,54,48,1.0,121,162,1339,1356,36,48,1434.2,1146,1137,0.319,0.6990000000000001,97,6112,28.0,4.02,4.38,610,651,710,,,39,155,34,63,0.38,2.24,7.6,1238,1205,43,,2060,SDP,63839413.0,76,1.321,49,2012,3,11
38,18,73220850.0,241,27,5494,1876431.7777777773,0.234,2.8,466,449,6062,5,27.1,,8,35,,608,3.76,102,4.0,95,154,162,162,162,8.4,30,49,1.0,149,166,1285,1359,21,39,1456.2,1052,1039,0.29600000000000004,0.665,88,6057,27.9,3.82,4.02,584,619,651,,,45,104,35,32,0.369,2.6,7.2,1259,1166,43,,2027,SEA,84439430.0,75,1.241,61,2012,6,11
45,23,122825338.0,287,57,5558,3354224.512195122,0.269,3.0,483,489,6138,4,27.8,,5,39,,593,3.68,96,3.78,114,157,162,162,162,8.4,29,51,0.9,103,142,1495,1361,44,42,1451.0,1171,1136,0.327,0.7240000000000001,106,6200,30.0,4.43,4.01,675,718,649,,,41,118,61,69,0.397,2.53,7.7,1097,1237,53,,2205,SFG,137523205.0,94,1.275,54,2012,4,14
45,24,118985685.0,290,37,5622,2737758.386363636,0.271,2.7,533,436,6158,4,29.2,,4,37,,603,3.71,103,3.62,135,158,162,162,162,8.7,53,50,0.8,159,134,1526,1420,45,28,1462.2,1198,1122,0.338,0.759,107,6326,28.6,4.72,4.0,732,765,648,,,44,91,49,69,0.421,2.79,7.5,1192,1218,42,,2367,STL,120461369.0,88,1.269,46,2012,2,10
43,18,68232330.0,250,30,5398,1848482.3684210528,0.24,2.9,571,469,6000,4,29.7,,7,44,,518,3.19,121,3.51,133,155,162,162,162,7.6,58,54,0.9,175,139,1293,1233,26,35,1459.2,1058,1044,0.317,0.711,99,6105,28.1,4.3,3.56,665,697,577,,,38,134,42,34,0.394,2.95,8.5,1323,1383,50,,2128,TBR,70242330.0,90,1.166,59,2012,4,15
39,21,134976346.0,303,32,5590,3455658.65,0.273,2.8,478,446,6067,8,29.7,,7,44,,639,3.99,109,3.9,121,155,162,162,162,8.6,57,41,1.1,200,175,1526,1378,44,15,1442.0,1113,1034,0.334,0.78,105,6216,28.8,4.99,4.36,780,808,707,,,40,91,53,36,0.446,2.88,8.0,1103,1286,43,,2493,TEX,138226346.0,93,1.265,53,2012,2,10
54,34,90559953.0,247,22,5487,2316521.9523809524,0.245,3.6,473,574,6216,7,27.8,,5,41,,745,4.64,91,4.66,109,157,162,162,162,9.0,55,55,1.3,198,204,1346,1439,29,20,1443.2,1026,1101,0.309,0.716,94,6094,27.8,4.42,4.84,677,716,784,,,42,123,45,33,0.407,1.99,7.1,1251,1142,29,,2231,TOR,97293922.0,73,1.394,56,2012,4,11
43,19,95836048.0,301,25,5615,2285042.162790697,0.261,3.0,479,497,6133,4,27.2,,3,35,,543,3.33,120,3.54,110,159,162,162,162,7.9,41,47,0.8,194,129,1468,1296,43,32,1468.1,1127,1134,0.322,0.75,101,6221,27.0,4.51,3.67,688,731,594,,,43,105,36,50,0.428,2.67,8.1,1325,1325,51,,2401,WSN,98256813.0,98,1.221,62,2012,1,9
44,23,75126043.0,302,31,5676,2676256.909090909,0.259,2.9,519,485,6338,3,28.1,,6,41,,651,3.92,99,4.04,160,156,162,162,162,8.8,43,60,1.1,130,176,1468,1460,51,42,1495.0,1160,1158,0.32299999999999995,0.715,96,6334,27.6,4.23,4.29,647,685,695,,,33,62,43,50,0.391,2.51,7.3,1142,1218,38,,2222,ARI,88316478.0,81,1.301,84,2013,2,7
44,21,86661842.0,247,21,5441,2712798.5714285714,0.249,2.5,542,409,5989,3,26.8,,1,31,,512,3.18,118,3.44,119,161,162,162,162,8.2,55,51,0.8,181,127,1354,1326,36,35,1450.1,1132,1090,0.321,0.723,99,6133,27.2,4.25,3.38,656,688,548,,,35,64,35,58,0.402,3.01,7.6,1384,1232,53,,2186,ATL,94947950.0,96,1.196,50,2013,0,12
52,26,96366019.0,298,14,5620,2510396.725,0.26,2.9,416,473,6144,3,27.8,,2,29,,678,4.2,98,4.33,105,160,162,162,162,8.9,36,50,1.3,212,202,1460,1438,36,32,1453.0,1053,1076,0.313,0.7440000000000001,101,6144,27.9,4.6,4.38,719,745,709,,,40,79,45,27,0.431,2.47,7.2,1125,1169,57,,2422,BAL,100415869.0,85,1.315,38,2013,1,6
48,26,155978895.0,363,29,5651,4164250.341463415,0.277,3.2,581,524,6143,5,29.6,,5,19,,613,3.79,109,3.84,137,157,162,162,162,8.5,72,47,1.0,178,156,1566,1366,51,10,1454.0,1212,1125,0.349,0.795,116,6382,30.2,5.27,4.05,819,853,656,,,41,123,50,24,0.446,2.47,8.0,1308,1294,33,,2521,BOS,170734264.0,97,1.3,47,2013,2,8
56,31,48057243.0,297,18,5498,2632971.0263157897,0.238,3.4,439,540,6149,4,27.9,,3,32,,643,4.0,97,4.1,120,159,162,162,162,8.3,67,62,1.0,172,160,1307,1332,28,43,1448.0,1092,1116,0.3,0.693,89,6079,28.7,3.72,4.25,576,602,689,,,38,63,30,43,0.392,2.19,7.4,1230,1184,39,,2156,CHC,100052899.0,66,1.293,59,2013,1,6
47,24,82929539.0,237,19,5563,3193645.571428572,0.249,3.1,411,509,6214,4,29.2,,5,42,,643,3.98,106,4.13,124,157,162,162,162,8.8,34,60,1.1,148,182,1385,1424,23,24,1455.0,1068,1126,0.302,0.68,84,6077,27.1,3.69,4.46,574,598,723,,,35,105,48,19,0.378,2.45,7.7,1207,1249,40,,2104,CHW,111777595.0,63,1.329,62,2013,1,5
39,20,97657483.0,274,20,5499,3053077.6470588236,0.249,2.7,585,435,6077,5,28.5,,5,35,,554,3.38,112,3.81,129,157,162,162,162,7.9,76,66,1.0,155,170,1370,1294,65,28,1473.2,1191,1067,0.327,0.718,98,6293,27.7,4.31,3.64,664,698,589,,,34,67,46,85,0.391,2.98,7.9,1245,1296,43,,2149,CIN,103804640.0,90,1.173,44,2013,2,17
49,28,68279465.0,290,23,5465,2735555.7941176468,0.255,3.5,562,554,6154,3,28.6,,3,36,,611,3.82,100,3.73,106,159,162,162,162,8.5,51,58,0.9,171,147,1391,1359,19,26,1441.1,1126,1168,0.327,0.737,107,6165,27.5,4.6,4.09,711,745,662,,,34,117,56,31,0.41,2.49,8.6,1283,1379,38,,2240,CLE,93008897.0,92,1.327,71,2013,3,16
43,23,74020354.0,283,36,5599,2032605.743589744,0.27,3.2,427,517,6248,15,27.7,,1,32,,708,4.44,101,3.96,111,161,162,162,162,9.7,26,40,0.9,159,136,1511,1545,26,52,1436.0,1118,1180,0.32299999999999995,0.741,91,6152,28.3,4.36,4.69,673,706,760,,,39,112,35,65,0.418,2.06,6.7,1204,1064,35,,2343,COL,79271624.0,74,1.436,62,2013,0,5
39,20,145423867.0,292,23,5735,4850735.59375,0.28300000000000003,2.8,531,462,6119,7,30.0,,3,20,,587,3.61,116,3.27,146,159,162,162,162,8.4,43,42,0.8,176,128,1625,1369,40,29,1462.2,1250,1107,0.34600000000000003,0.78,111,6388,28.4,4.91,3.85,767,796,624,,,32,35,47,32,0.434,3.09,8.8,1073,1428,39,,2491,DET,155223539.0,93,1.252,63,2013,1,12
50,26,11675066.0,266,16,5457,1077815.5454545454,0.24,3.9,426,616,6370,6,25.8,,2,61,,766,4.79,85,4.67,110,160,162,162,162,9.6,52,56,1.2,148,191,1307,1530,17,32,1440.0,1007,1202,0.299,0.674,86,6020,27.2,3.77,5.23,566,610,848,,,33,110,38,46,0.375,1.76,6.8,1535,1084,32,,2049,HOU,35567913.0,51,1.49,61,2013,1,5
43,21,75494673.0,254,34,5549,2164062.4102564105,0.26,2.9,422,469,6049,4,26.9,,5,32,,555,3.45,120,3.83,131,157,162,162,162,8.5,42,41,1.0,112,155,1443,1366,38,21,1448.1,1110,1103,0.315,0.6940000000000001,89,6093,28.9,4.0,3.71,620,648,601,,,39,153,42,37,0.379,2.58,7.5,1048,1208,52,,2101,KCR,84398434.0,86,1.267,60,2013,2,12
49,26,116449230.0,270,39,5588,4041002.942857143,0.264,3.3,523,533,6298,4,27.8,,4,34,,685,4.23,89,4.08,150,158,162,162,162,9.1,48,45,1.0,164,167,1476,1475,40,36,1457.2,1144,1188,0.329,0.743,110,6260,29.1,4.52,4.55,696,733,737,,,35,82,64,37,0.414,2.25,7.4,1221,1200,41,,2316,LAA,141435103.0,78,1.378,74,2013,2,12
49,27,207344759.0,281,17,5491,6151137.820512821,0.264,2.9,476,460,6032,3,30.6,,7,28,,524,3.25,110,3.44,130,155,162,162,162,8.2,57,43,0.8,138,127,1447,1321,45,44,1450.1,1175,1099,0.326,0.722,103,6145,28.1,4.01,3.59,618,649,582,,,39,78,48,71,0.396,2.81,8.0,1146,1292,46,,2176,LAD,239894375.0,92,1.228,66,2013,4,22
53,26,23618327.0,219,31,5449,1029386.9142857144,0.231,3.2,432,526,6166,2,27.7,,2,29,,602,3.71,104,3.69,131,160,162,162,162,8.5,56,47,0.7,95,121,1257,1376,31,58,1460.0,1080,1140,0.293,0.627,73,6021,26.0,3.17,3.99,485,513,646,,,35,78,26,57,0.335,2.24,7.3,1232,1177,36,,1823,MIA,36028542.0,62,1.3030000000000002,53,2013,1,13
40,21,69142690.0,238,43,5474,2520601.285714286,0.252,2.9,407,466,6100,2,27.9,,4,50,,615,3.84,101,4.12,116,158,162,162,162,8.7,71,43,1.1,157,175,1381,1401,22,29,1442.2,1071,1085,0.311,0.708,93,6064,28.8,3.95,4.24,610,640,687,,,35,142,35,77,0.398,2.41,7.0,1183,1125,40,,2176,MIL,88221045.0,74,1.294,51,2013,2,15
44,23,56942945.0,285,15,5564,2327397.0857142857,0.242,2.8,533,458,6257,4,28.2,,1,33,,733,4.55,90,4.23,103,161,162,162,162,9.9,52,44,1.0,151,168,1346,1591,20,31,1450.1,1206,1118,0.312,0.6920000000000001,90,6212,28.3,3.79,4.86,590,614,788,,,35,52,32,29,0.38,2.15,6.1,1430,985,40,,2114,MIN,81458898.0,66,1.413,50,2013,1,7
53,29,44861236.0,263,32,5559,2665810.8947368427,0.237,2.8,512,458,6249,3,28.3,,4,35,,618,3.77,95,3.79,106,158,162,162,162,8.8,51,54,0.9,130,152,1318,1442,40,38,1476.2,1137,1135,0.306,0.672,91,6207,29.1,3.82,4.22,593,619,684,,,38,114,32,53,0.366,2.64,7.4,1384,1209,40,,2035,NYM,101300814.0,74,1.287,47,2013,2,10
56,24,207768301.0,247,24,5449,6135613.846153846,0.242,2.7,466,437,6128,1,31.9,,7,31,,633,3.94,102,3.89,121,155,162,162,162,9.0,57,51,1.1,144,171,1321,1452,33,34,1447.1,1064,1115,0.307,0.6829999999999999,88,6045,31.8,4.01,4.14,614,650,671,,,39,115,36,36,0.376,2.82,7.7,1214,1233,49,,2048,NYY,239288940.0,85,1.305,57,2013,3,10
44,19,62190572.0,301,25,5521,1764618.8684210526,0.254,2.7,573,428,6069,1,28.3,,6,28,,574,3.56,109,3.83,108,156,162,162,162,8.3,45,35,1.0,186,163,1403,1339,29,23,1452.0,1126,1088,0.327,0.745,107,6209,28.3,4.73,3.86,725,767,625,,,38,74,49,21,0.419,2.76,7.3,1178,1183,46,,2312,OAK,67055517.0,96,1.217,56,2013,4,13
51,27,153273261.0,255,32,5456,4088422.45,0.248,3.2,417,506,6213,6,30.0,,6,29,,689,4.32,87,3.94,131,156,162,162,162,9.2,53,62,1.0,140,152,1355,1465,41,33,1436.1,1061,1155,0.306,0.69,91,6014,28.7,3.77,4.62,578,610,749,,,40,73,31,57,0.384,2.37,7.5,1205,1199,32,,2094,PHI,163536898.0,73,1.372,48,2013,2,3
49,29,65262905.0,273,35,5486,1931918.4864864862,0.245,3.2,469,515,6147,6,27.9,,3,42,,533,3.26,109,3.42,120,159,162,162,162,7.9,88,70,0.6,161,101,1346,1299,41,26,1470.2,1126,1158,0.313,0.7090000000000001,100,6135,28.7,3.91,3.56,603,634,577,,,37,94,29,62,0.396,2.45,7.7,1330,1261,55,,2172,PIT,71480984.0,94,1.233,81,2013,0,16
47,23,63615894.0,246,26,5517,1832158.525,0.245,3.2,467,525,6179,2,28.1,,3,34,,643,3.98,86,4.0,99,159,162,162,162,8.7,52,40,1.0,146,156,1349,1407,36,31,1455.0,1126,1114,0.308,0.6859999999999999,97,6122,28.8,3.81,4.32,578,618,700,,,40,118,34,52,0.378,2.23,7.2,1309,1171,40,,2085,SDP,73286341.0,76,1.328,51,2013,1,6
47,22,63266296.0,249,17,5558,2447647.705882353,0.237,2.9,529,478,6257,1,28.7,,4,23,,702,4.31,86,3.89,122,158,162,162,162,9.0,31,42,1.1,188,174,1318,1467,21,48,1465.0,1131,1108,0.306,0.695,98,6172,28.0,3.85,4.65,597,624,754,,,34,49,28,26,0.39,2.71,8.0,1353,1297,43,,2165,SEA,83220022.0,71,1.328,74,2013,2,14
44,21,135382980.0,280,35,5552,3791356.378378378,0.26,3.2,469,521,6163,4,28.7,,2,26,,643,4.0,87,3.8,131,160,162,162,162,8.6,39,50,0.9,107,145,1446,1380,40,64,1447.1,1187,1130,0.32,0.7020000000000001,100,6168,29.6,3.88,4.27,596,629,691,,,37,67,42,66,0.381,2.41,7.8,1078,1256,41,,2117,SFG,140280186.0,76,1.3130000000000002,60,2013,2,13
44,25,95053922.0,322,20,5557,3171490.1842105263,0.269,2.8,481,451,6104,1,28.7,,7,22,,555,3.42,110,3.39,154,155,162,162,162,8.4,64,64,0.7,125,112,1494,1366,38,26,1459.2,1087,1129,0.332,0.733,102,6202,26.9,4.83,3.68,745,783,596,,,38,45,44,56,0.401,2.78,7.7,1110,1254,44,,2231,STL,120516627.0,97,1.245,33,2013,4,15
42,21,67029393.0,296,23,5538,1864322.575,0.257,3.0,589,482,6083,6,29.5,,9,38,,608,3.74,103,3.71,140,154,163,163,163,8.1,36,52,0.9,165,153,1421,1315,31,38,1464.0,1172,1045,0.329,0.737,106,6242,29.0,4.29,3.96,670,700,646,,,40,73,55,24,0.408,2.72,8.1,1171,1310,42,,2258,TBR,74572903.0,92,1.227,69,2013,3,17
46,25,114162497.0,262,23,5585,3536849.8974358975,0.262,3.1,462,498,6146,5,29.6,,4,46,,589,3.62,114,3.77,124,159,163,163,163,8.4,61,48,1.0,176,157,1465,1370,26,35,1463.1,1110,1120,0.32299999999999995,0.735,100,6196,27.9,4.48,3.9,691,730,636,,,39,149,42,45,0.412,2.63,8.1,1067,1309,46,,2301,TEX,137937146.0,91,1.277,68,2013,2,10
53,31,118289792.0,273,24,5537,3213930.926829268,0.252,3.1,510,500,6250,7,28.9,,4,41,,685,4.25,97,4.3,133,158,162,162,162,9.0,38,65,1.2,185,195,1398,1451,19,33,1452.0,1065,1138,0.318,0.7290000000000001,99,6152,30.9,4.4,4.67,669,712,756,,,41,112,38,29,0.411,2.42,7.5,1123,1208,39,,2274,TOR,131771168.0,74,1.344,54,2013,2,11
44,21,110761470.0,259,27,5436,3075875.6315789474,0.251,2.5,464,405,6038,8,27.7,,6,28,,576,3.59,106,3.56,115,156,162,162,162,8.5,40,48,0.9,161,142,1365,1367,35,17,1445.2,1071,1075,0.313,0.71,94,6047,27.7,4.05,3.86,621,656,626,,,38,88,39,68,0.398,3.05,7.7,1192,1236,47,,2161,WSN,116883274.0,86,1.226,43,2013,4,13
52,25,68514917.0,259,47,5552,2662062.975,0.248,2.9,398,469,6162,5,27.6,2500000.0,2,33,9500000.0,683,4.26,88,3.83,115,160,162,162,162,9.1,43,51,1.0,118,154,1379,1467,31,43,1444.1,1092,1087,0.302,0.6779999999999999,88,6089,28.0,3.8,4.58,573,615,742,17.0,28134272.0,40,86,36,56,0.376,2.72,8.0,1165,1278,35,0.0,2086,ARI,106482519.0,64,1.34,50,2014,1,4
39,20,102713304.0,240,22,5468,2996556.5897435895,0.241,2.9,472,472,6087,1,26.8,1000000.0,5,33,0.0,547,3.38,106,3.47,121,157,162,162,162,8.5,43,37,0.7,123,121,1316,1369,31,36,1455.0,1128,1125,0.305,0.665,88,6064,27.3,3.54,3.69,545,573,597,12.0,14100492.0,39,95,27,53,0.36,2.76,8.0,1369,1301,54,0.0,1969,ATL,116865707.0,79,1.265,75,2014,2,13
44,20,105470318.0,264,16,5596,3154526.1944444445,0.256,2.9,401,472,6104,2,28.3,3225000.0,3,20,3000000.0,557,3.43,115,3.96,112,159,162,162,162,8.3,62,59,0.9,211,151,1434,1342,29,25,1461.1,1088,1127,0.311,0.7340000000000001,104,6130,27.7,4.35,3.66,681,705,593,13.0,2282926.0,36,44,36,35,0.422,2.49,7.2,1285,1174,53,0.0,2363,BAL,113562943.0,96,1.241,42,2014,2,13
55,25,95417971.0,282,20,5551,4476204.157894737,0.244,3.0,535,482,6231,5,29.1,500000.0,3,25,0.0,653,4.01,100,3.93,138,159,162,162,162,9.0,68,47,0.9,123,154,1355,1458,36,19,1465.2,1168,1119,0.316,0.684,91,6226,29.9,3.91,4.41,601,634,715,6.0,61397733.0,38,63,52,20,0.369,2.52,7.4,1337,1213,36,0.0,2046,BOS,170095758.0,71,1.324,51,2014,2,7
48,27,53604470.0,270,31,5508,2356308.9736842103,0.239,3.1,442,504,6208,3,26.8,2203500.0,1,40,0.0,636,3.91,97,3.51,94,161,162,162,162,8.6,54,55,0.7,157,115,1315,1398,29,37,1463.1,1069,1111,0.3,0.684,89,6102,28.0,3.79,4.36,590,614,707,22.0,34683034.0,38,65,41,57,0.385,2.6,8.1,1477,1311,37,0.0,2118,CHC,89539741.0,73,1.3,64,2014,1,11
44,26,60305897.0,279,32,5543,2878104.3870967743,0.253,3.5,417,557,6255,3,27.7,1512400.0,3,36,0.0,687,4.29,88,4.09,127,159,162,162,162,9.2,60,69,0.9,155,140,1400,1468,33,42,1441.0,1071,1174,0.31,0.708,102,6077,27.4,4.07,4.68,625,660,758,23.0,28411749.0,31,85,38,19,0.398,2.07,7.2,1362,1152,36,0.0,2208,CHW,89221236.0,73,1.405,75,2014,0,6
45,25,99229931.0,254,20,5395,3238609.0857142857,0.238,3.2,415,507,6067,5,29.0,2714285.0,5,52,6000000.0,576,3.59,103,4.01,88,157,162,162,162,8.0,52,69,1.0,131,163,1282,1282,22,33,1446.0,1037,1117,0.29600000000000004,0.6609999999999999,85,5978,28.0,3.67,3.78,562,595,612,14.0,6890711.0,35,122,37,76,0.365,2.54,8.0,1252,1290,44,0.0,1969,CIN,113351318.0,76,1.237,45,2014,3,13
46,23,59720646.0,284,23,5575,2556663.878787879,0.253,2.8,504,464,6193,2,28.6,1430000.0,6,27,1000000.0,581,3.56,110,3.42,126,156,162,162,162,8.6,42,58,0.8,142,135,1411,1398,24,51,1468.1,1154,1135,0.317,0.706,97,6222,27.2,4.13,4.03,644,669,653,26.0,23415930.0,33,104,49,51,0.389,3.13,8.9,1189,1450,40,0.0,2167,CLE,84369908.0,85,1.268,56,2014,4,15
49,26,96456583.0,307,41,5612,2478450.717948718,0.276,3.3,397,531,6248,8,27.3,0.0,1,48,0.0,770,4.84,88,4.43,121,161,162,162,162,9.6,48,54,1.1,186,173,1551,1528,39,32,1431.0,1072,1137,0.327,0.772,102,6164,28.5,4.66,5.05,721,755,818,19.0,202995.0,39,85,48,59,0.445,2.02,6.8,1281,1074,24,0.0,2498,COL,96659578.0,66,1.439,72,2014,1,4
48,30,147009969.0,325,26,5630,4914177.714285715,0.277,2.9,443,462,6191,9,29.8,1504000.0,5,41,17310000.0,648,4.01,97,3.6,137,157,162,162,162,9.1,44,42,0.8,155,127,1557,1475,51,34,1454.0,1111,1124,0.331,0.757,113,6202,28.5,4.67,4.35,731,757,705,4.0,7255247.0,35,106,61,24,0.426,2.69,7.7,1144,1244,41,0.0,2399,DET,171996220.0,90,1.332,43,2014,4,8
48,28,41637464.0,240,19,5447,1359986.5789473685,0.242,3.0,495,484,6154,7,25.4,1500000.0,7,37,3594262.0,657,4.11,94,3.93,122,155,162,162,162,9.0,55,52,0.9,163,139,1317,1437,27,32,1438.2,1086,1115,0.309,0.6920000000000001,96,6055,27.9,3.88,4.46,596,629,723,29.0,6051590.0,38,122,36,22,0.383,2.35,7.1,1442,1137,31,0.0,2084,HOU,51679490.0,70,1.335,57,2014,2,3
48,23,90536848.0,286,29,5545,2737730.5555555555,0.263,2.7,380,440,6101,6,28.2,3335000.0,3,36,0.0,565,3.51,113,3.69,131,159,162,162,162,8.6,53,56,0.8,95,128,1456,1386,22,14,1450.2,1080,1125,0.314,0.69,92,6058,28.9,4.02,3.85,604,651,624,18.0,4686452.0,36,153,47,33,0.376,2.65,7.2,985,1168,53,0.0,2085,KCR,98558300.0,89,1.259,58,2014,2,14
54,31,132451972.0,304,31,5652,4034225.634146342,0.259,3.1,492,504,6179,4,29.3,900000.0,3,39,0.0,590,3.58,101,3.57,112,159,162,162,162,7.9,60,63,0.8,155,126,1464,1307,42,41,1482.2,1113,1101,0.322,0.728,110,6285,28.4,4.77,3.89,729,773,630,7.0,32051279.0,41,81,54,26,0.406,2.66,8.1,1266,1342,46,0.0,2295,LAA,165403251.0,98,1.221,74,2014,2,13
49,25,234067142.0,302,38,5560,7039061.2,0.265,2.6,519,429,6075,4,29.4,3700000.0,7,50,1500000.0,554,3.4,103,3.48,119,155,162,162,162,8.2,61,41,0.9,134,142,1476,1338,30,35,1464.2,1159,1064,0.333,0.738,110,6231,29.9,4.43,3.81,686,718,617,1.0,7100000.0,35,138,43,47,0.406,3.2,8.4,1246,1373,47,0.0,2256,LAD,246367142.0,94,1.206,64,2014,3,16
45,25,39231780.0,254,36,5538,1490335.1764705882,0.253,2.8,501,458,6217,4,27.4,0.0,3,21,3500000.0,613,3.78,98,3.56,143,159,162,162,162,9.1,35,49,0.7,122,114,1399,1481,49,35,1457.2,1145,1170,0.317,0.6940000000000001,94,6185,26.4,3.98,4.16,614,645,674,30.0,7939616.0,34,58,39,71,0.378,2.6,7.3,1419,1190,42,0.0,2091,MIA,50671396.0,77,1.33,56,2014,3,16
40,21,108174589.0,297,28,5462,3071584.611111112,0.25,2.7,423,431,6106,2,28.8,1000000.0,3,43,0.0,594,3.67,103,3.89,135,159,162,162,162,8.6,73,42,1.0,150,167,1366,1386,32,20,1457.2,1049,1076,0.311,0.708,95,6065,29.0,4.01,4.06,617,650,657,15.0,2320491.0,36,102,37,70,0.397,2.89,7.7,1197,1246,45,0.0,2169,MIL,110577046.0,82,1.247,44,2014,3,9
48,23,72140448.0,316,27,5567,2573367.0,0.254,2.6,544,408,6212,6,27.5,500000.0,2,36,0.0,728,4.57,86,3.97,97,160,162,162,162,10.0,53,45,0.9,128,147,1412,1588,29,24,1435.0,1176,1130,0.324,0.713,100,6233,29.2,4.41,4.8,675,715,777,24.0,15337637.0,34,99,44,25,0.389,2.53,6.5,1329,1031,38,0.0,2166,MIN,87494478.0,70,1.391,50,2014,0,7
45,22,73675535.0,275,19,5472,2862970.8181818184,0.239,3.1,516,509,6170,1,28.4,3025000.0,1,34,345811.0,568,3.49,99,3.75,112,161,162,162,162,8.4,54,50,0.9,125,141,1306,1370,42,38,1463.2,1123,1161,0.308,0.6729999999999999,93,6145,28.9,3.88,3.81,602,629,618,20.0,19290982.0,33,101,44,59,0.364,2.56,8.0,1264,1303,42,0.0,1994,NYM,94478037.0,79,1.284,56,2014,1,11
58,33,198020464.0,247,26,5497,5808054.891891892,0.245,2.5,452,398,6114,6,32.8,1022125.0,5,26,0.0,605,3.75,103,3.67,111,157,162,162,162,8.6,56,65,1.0,147,164,1349,1392,16,23,1453.0,1098,1091,0.307,0.687,94,6082,29.3,3.91,4.1,591,633,664,2.0,16763048.0,37,112,47,29,0.38,3.44,8.5,1133,1370,48,0.0,2089,NYY,214898031.0,84,1.232,49,2014,2,10
45,23,65760582.0,253,33,5545,2671954.6285714284,0.244,2.5,586,406,5972,1,29.6,5375000.0,7,20,733879.0,524,3.22,116,3.67,118,155,162,162,162,7.8,49,48,0.9,146,147,1354,1269,34,28,1463.1,1147,1010,0.32,0.7,100,6245,28.2,4.5,3.53,686,729,572,21.0,22605236.0,35,83,43,19,0.381,3.06,7.7,1104,1244,31,0.0,2111,OAK,93518412.0,88,1.145,59,2014,3,13
49,26,145123014.0,251,27,5603,5835386.833333332,0.242,3.2,443,521,6261,1,30.7,3500000.0,2,26,25000000.0,619,3.79,99,3.81,94,160,162,162,162,8.6,55,69,0.8,125,134,1356,1396,42,43,1468.1,1147,1169,0.302,0.665,85,6198,30.1,3.82,4.24,584,619,687,3.0,4263731.0,30,109,37,59,0.363,2.41,7.7,1306,1255,40,0.0,2036,PHI,175061605.0,73,1.306,49,2014,0,12
45,23,68883439.0,275,30,5536,2483035.9677419355,0.259,3.1,520,499,6130,3,27.3,1950000.0,2,47,505500.0,562,3.47,103,3.8,127,160,162,162,162,8.3,78,88,0.8,156,128,1436,1341,46,43,1456.1,1192,1130,0.33,0.7340000000000001,106,6224,28.1,4.21,3.9,659,682,631,27.0,7320970.0,31,104,35,54,0.404,2.46,7.6,1244,1228,48,0.0,2239,PIT,76974115.0,88,1.263,71,2014,1,7
51,24,67296350.0,224,30,5294,2179537.6153846155,0.226,2.9,468,462,6006,4,27.9,2002000.0,4,34,501400.0,523,3.27,104,3.46,118,158,162,162,162,8.1,41,46,0.7,109,117,1199,1300,27,32,1438.2,1033,1113,0.292,0.634,84,5905,28.8,3.3,3.56,500,535,577,25.0,16594743.0,39,91,45,56,0.342,2.78,8.0,1294,1284,41,0.0,1810,SDP,85001967.0,77,1.225,57,2014,3,10
44,20,98030060.0,247,32,5450,2744466.0,0.244,2.9,396,463,5974,8,27.5,1700000.0,2,42,2800000.0,512,3.17,115,3.61,112,160,162,162,162,7.7,60,52,0.8,136,137,1328,1240,33,36,1452.0,1008,1064,0.3,0.6759999999999999,95,5977,29.0,3.91,3.42,600,634,554,16.0,3504114.0,39,96,34,35,0.376,2.84,8.2,1232,1317,51,0.0,2047,SEA,107034174.0,87,1.173,80,2014,1,9
46,21,152735333.0,257,42,5523,4079447.190476191,0.255,2.4,427,389,5947,6,28.6,750000.0,8,27,0.0,564,3.5,99,3.58,113,154,162,162,162,8.1,43,57,0.8,132,133,1407,1305,37,35,1449.0,1095,986,0.311,0.6990000000000001,99,6087,31.7,4.1,3.79,636,665,614,5.0,18501449.0,42,56,49,45,0.388,3.11,7.5,1245,1211,46,0.0,2144,SFG,171336782.0,88,1.169,49,2014,3,12
46,24,114533043.0,275,21,5426,3190340.236842105,0.253,2.9,471,470,6069,5,28.5,1000000.0,8,32,0.0,564,3.5,104,3.65,140,154,162,162,162,8.2,86,61,0.8,105,123,1371,1321,28,35,1448.2,1145,1120,0.32,0.6890000000000001,93,6086,27.2,3.82,3.72,585,619,603,11.0,5699886.0,38,57,39,64,0.369,2.6,7.6,1133,1221,55,0.0,2003,STL,121232929.0,90,1.236,44,2014,5,23
43,23,63704707.0,263,24,5516,1920526.15,0.247,3.0,527,482,6131,3,29.3,0.0,3,27,0.0,579,3.56,105,3.56,135,159,162,162,162,7.9,66,58,0.9,117,145,1361,1292,31,27,1463.2,1193,1115,0.317,0.684,96,6205,28.4,3.78,3.86,586,612,625,28.0,13116339.0,40,63,53,43,0.3670000000000001,2.98,8.8,1124,1437,37,0.0,2023,TBR,76821046.0,77,1.212,65,2014,1,22
64,41,129809240.0,260,28,5460,2970863.4680851065,0.256,3.2,417,505,6195,7,28.4,0.0,6,59,1002163.0,711,4.49,89,4.22,148,156,162,162,162,9.5,61,61,1.0,111,160,1400,1510,37,43,1426.1,1066,1143,0.314,0.6890000000000001,92,6026,27.9,3.93,4.77,597,637,773,10.0,8819180.0,47,105,45,41,0.375,2.2,7.0,1162,1110,33,0.0,2049,TEX,139630583.0,67,1.413,61,2014,4,17
55,27,122125961.0,282,24,5549,3832761.405405405,0.259,3.1,502,490,6150,5,29.2,11500000.0,3,21,3000000.0,642,4.0,95,3.97,128,159,162,162,162,8.7,41,57,0.9,177,151,1435,1400,27,23,1443.0,1122,1135,0.32299999999999995,0.736,108,6167,29.6,4.46,4.23,690,723,686,9.0,5186211.0,37,78,40,35,0.414,2.45,7.5,1151,1199,45,0.0,2296,TOR,141812172.0,83,1.31,43,2014,2,16
40,18,149257210.0,265,27,5542,3933446.894736842,0.253,2.2,517,352,6020,2,28.7,0.0,5,23,77160.0,495,3.03,124,3.17,115,157,162,162,162,8.3,56,51,0.7,152,110,1403,1351,29,26,1470.2,1160,1053,0.321,0.7140000000000001,96,6216,28.3,4.23,3.43,635,686,555,8.0,136612.0,38,101,41,60,0.393,3.66,7.9,1304,1288,45,0.0,2178,WSN,149470982.0,96,1.158,37,2014,4,19
50,27,45142733.0,289,48,5649,1968764.128205128,0.264,3.1,490,500,6257,3,26.5,900000.0,1,44,1026500.0,659,4.04,102,4.21,134,161,162,162,162,8.9,33,48,1.1,154,182,1494,1450,40,45,1466.2,1153,1144,0.324,0.738,97,6276,27.1,4.44,4.4,680,720,713,28.0,30465028.0,39,132,57,46,0.414,2.43,7.5,1312,1215,44,0.0,2341,ARI,76781801.0,79,1.33,51,2015,1,12
60,37,55022799.0,251,18,5420,3358739.0606060605,0.251,3.5,471,550,6156,9,28.8,1522500.0,3,33,11263899.0,698,4.41,88,4.34,148,159,162,162,162,9.2,44,53,1.1,100,170,1361,1462,39,45,1425.1,1145,1120,0.314,0.674,87,6034,26.6,3.54,4.69,548,573,760,19.0,44307649.0,33,69,31,67,0.359,2.09,7.2,1107,1148,44,0.0,1948,ATL,110838389.0,67,1.412,53,2015,2,10
48,22,93958315.0,246,20,5485,3183364.2162162163,0.25,3.0,418,483,6085,0,27.9,2566500.0,0,25,1245000.0,646,4.05,102,4.11,127,162,162,162,162,8.8,51,54,1.1,217,174,1370,1406,23,27,1434.2,990,1088,0.307,0.728,97,6007,28.3,4.4,4.28,686,713,693,16.0,22276584.0,37,44,32,20,0.421,2.55,7.7,1331,1233,43,0.0,2307,BAL,117784476.0,81,1.317,46,2015,0,10
51,26,95030446.0,294,33,5640,5242327.9428571435,0.265,3.0,478,478,6225,10,28.2,1522500.0,3,27,42985571.0,694,4.31,100,4.17,127,159,162,162,162,9.2,46,62,1.1,161,178,1495,1486,28,17,1448.1,1142,1127,0.325,0.74,97,6237,28.6,4.62,4.65,706,748,753,4.0,45443277.0,35,71,42,30,0.415,2.55,7.6,1148,1218,40,0.0,2338,BOS,183481478.0,78,1.356,79,2015,1,10
50,29,106652384.0,272,30,5491,3594427.2972972975,0.244,2.5,567,407,5997,3,26.9,3757500.0,6,37,1000000.0,546,3.36,114,3.3,101,156,162,162,162,7.9,74,46,0.8,171,134,1341,1276,47,38,1461.1,1165,1005,0.321,0.7190000000000001,98,6200,29.3,4.25,3.75,657,689,608,11.0,23656617.0,37,95,35,32,0.398,3.52,8.8,1518,1431,48,0.0,2186,CHC,132993810.0,97,1.152,66,2015,4,21
40,24,94365735.0,260,27,5533,3714858.96875,0.25,2.9,404,474,6181,2,28.2,1950000.0,7,42,507500.0,643,3.98,98,3.82,125,155,162,162,162,8.9,65,62,1.0,136,162,1381,1443,22,34,1452.2,1065,1122,0.306,0.6859999999999999,91,6070,27.8,3.84,4.33,595,622,701,15.0,9052252.0,32,68,37,30,0.38,2.87,8.4,1231,1359,37,13000000.0,2103,CHW,118875487.0,76,1.32,61,2015,4,9
50,28,68445559.0,257,27,5571,3209517.057142857,0.248,3.4,496,544,6271,11,29.5,1525000.0,2,38,22890777.0,700,4.33,92,4.24,112,160,162,162,162,8.9,42,58,1.1,167,177,1382,1436,38,42,1453.1,1148,1157,0.312,0.706,92,6196,27.3,3.95,4.65,613,640,754,18.0,20832787.0,35,134,40,47,0.394,2.3,7.8,1255,1252,35,0.0,2194,CIN,112333097.0,64,1.362,54,2015,1,8
49,27,45520977.0,303,29,5439,2150122.583333333,0.256,2.7,533,425,5904,5,28.0,3907077.0,11,28,680720.0,584,3.67,117,3.62,134,150,161,161,161,8.0,39,48,1.0,141,161,1395,1274,34,27,1432.2,1147,966,0.325,0.725,93,6109,27.3,4.16,3.98,640,669,640,27.0,29817050.0,36,86,50,47,0.401,3.31,8.8,1157,1407,38,0.0,2179,CLE,77404413.0,81,1.186,48,2015,1,10
51,30,74930648.0,274,49,5572,2812125.8157894737,0.265,3.7,388,579,6308,6,28.0,1527500.0,4,43,5862600.0,799,5.04,92,4.56,114,158,162,162,162,10.0,33,48,1.2,186,183,1479,1579,47,42,1426.1,1016,1185,0.315,0.748,89,6071,28.7,4.55,5.21,702,737,844,22.0,25765868.0,38,97,34,44,0.4320000000000001,1.92,7.0,1283,1112,36,0.0,2409,COL,106860781.0,68,1.513,66,2015,1,4
47,27,109879336.0,289,49,5605,4382727.594594595,0.27,3.0,455,489,6188,8,28.3,0.0,7,51,27072978.0,746,4.64,86,4.46,152,154,161,161,161,9.3,41,46,1.2,151,193,1515,1491,36,32,1447.0,1111,1044,0.328,0.748,105,6159,28.7,4.28,4.99,660,689,803,6.0,25208607.0,37,83,35,23,0.42,2.25,6.8,1259,1100,35,0.0,2355,DET,162160921.0,74,1.368,60,2015,4,12
46,24,64818398.0,278,26,5459,2468207.121212121,0.25,2.6,486,423,5965,2,26.3,5545000.0,5,48,11040900.0,572,3.57,110,3.66,102,157,162,162,162,8.2,56,43,0.9,230,148,1363,1308,22,17,1441.0,1036,1024,0.315,0.752,107,6073,29.4,4.5,3.81,691,729,618,25.0,3150680.0,33,121,43,28,0.4370000000000001,3.03,8.0,1392,1280,39,0.0,2383,HOU,81450835.0,86,1.2009999999999998,61,2015,3,13
45,24,111740891.0,300,42,5575,3514717.638888888,0.269,3.0,383,489,6112,2,29.1,2538200.0,2,34,10483450.0,601,3.73,112,4.04,133,160,162,162,162,8.5,77,52,1.0,139,155,1497,1372,28,10,1452.0,1079,1115,0.322,0.7340000000000001,98,6116,30.0,4.47,3.96,689,724,641,13.0,4047582.0,36,104,47,34,0.412,2.37,7.2,973,1160,56,0.0,2298,KCR,126529835.0,95,1.2819999999999998,62,2015,1,8
51,25,106512083.0,243,21,5417,3880722.102564103,0.246,2.9,435,466,6096,4,28.7,4241500.0,2,34,19015000.0,630,3.94,96,4.06,116,160,162,162,162,8.5,58,71,1.0,176,166,1331,1355,34,45,1440.2,1013,1099,0.307,0.7020000000000001,97,5990,28.3,4.08,4.17,621,661,675,8.0,24043722.0,39,52,40,37,0.396,2.62,7.6,1150,1221,46,0.0,2144,LAA,151348162.0,85,1.264,61,2015,2,12
55,31,199977688.0,263,26,5385,7940396.842105263,0.25,2.5,563,395,5932,10,29.6,16826000.0,6,34,20914084.0,553,3.44,107,3.41,135,156,162,162,162,8.2,60,38,0.9,187,145,1346,1317,31,32,1445.2,1121,1000,0.326,0.7390000000000001,106,6090,28.1,4.12,3.67,638,667,595,1.0,70324195.0,38,59,30,49,0.413,3.53,8.7,1258,1396,47,0.0,2222,LAD,301735080.0,92,1.1840000000000002,52,2015,3,21
51,29,28171144.0,236,40,5463,1987203.90625,0.26,3.2,375,508,6050,3,27.9,1015000.0,0,45,15751830.0,638,4.02,95,3.98,133,162,162,162,162,8.7,39,52,0.9,120,141,1420,1374,30,25,1427.0,1059,1091,0.31,0.6940000000000001,93,5988,27.3,3.78,4.19,575,613,678,30.0,19528890.0,32,112,40,71,0.384,2.27,7.3,1150,1152,35,0.0,2096,MIA,63590525.0,71,1.319,53,2015,0,12
49,26,58772714.0,274,34,5480,2765025.6764705884,0.251,3.2,412,517,6148,5,28.1,4120000.0,1,29,1020000.0,682,4.28,93,4.17,130,161,162,162,162,9.0,41,55,1.1,145,176,1378,1432,35,36,1435.0,1026,1106,0.307,0.7,91,6024,28.4,4.04,4.55,624,655,737,24.0,33510458.0,34,84,34,55,0.393,2.44,7.9,1299,1260,40,0.0,2155,MIL,94010873.0,68,1.358,71,2015,0,7
44,24,101448147.0,277,44,5467,3085194.8,0.247,2.6,439,413,6139,2,28.2,2575000.0,2,38,2070081.0,653,4.07,100,4.1,133,160,162,162,162,9.4,40,41,1.0,156,163,1349,1506,31,34,1443.0,993,1110,0.305,0.7040000000000001,92,6017,29.1,4.3,4.32,661,696,700,20.0,3950000.0,35,70,41,30,0.399,2.53,6.5,1264,1046,45,0.0,2182,MIN,107981818.0,83,1.33,54,2015,0,12
49,26,102480260.0,295,17,5527,3044708.6052631573,0.244,2.4,488,383,6046,2,28.6,6837900.0,1,25,5551249.0,557,3.43,111,3.53,130,161,162,162,162,8.3,68,44,0.9,177,152,1351,1341,42,43,1462.2,1098,1045,0.312,0.7120000000000001,96,6145,28.2,4.22,3.78,654,683,613,17.0,1579200.0,38,51,32,29,0.4,3.49,8.2,1290,1337,50,0.0,2211,NYM,115698927.0,90,1.179,46,2015,1,14
56,33,187271441.0,272,19,5567,5563209.325,0.251,2.9,554,474,6191,4,31.4,2542500.0,3,25,24415379.0,652,4.03,101,3.97,105,159,162,162,162,8.7,63,56,1.1,212,182,1397,1416,23,16,1457.2,1151,1120,0.32299999999999995,0.7440000000000001,102,6268,27.4,4.72,4.31,737,764,698,2.0,9939561.0,40,63,54,24,0.421,2.89,8.5,1227,1370,48,507500.0,2343,NYY,222528373.0,87,1.297,78,2015,0,4
52,30,41897450.0,277,46,5600,2364024.411764706,0.251,3.0,475,474,6128,4,27.9,2537500.0,5,29,8772896.0,664,4.14,94,4.13,124,157,162,162,162,8.7,40,47,1.1,146,172,1405,1402,21,19,1444.2,1102,1065,0.312,0.7070000000000001,96,6171,27.8,4.28,4.5,661,694,729,26.0,29468089.0,34,78,38,14,0.395,2.49,7.3,1119,1179,28,0.0,2212,OAK,80376830.0,68,1.2990000000000002,62,2015,3,15
50,30,52800331.0,272,37,5529,4294625.424242424,0.249,3.1,387,488,6332,7,28.0,6302666.0,1,32,33290177.0,749,4.69,82,4.4,119,161,162,162,162,10.0,54,61,1.2,130,191,1374,1592,20,37,1436.1,1066,1214,0.303,0.684,89,6053,28.5,3.86,4.99,586,626,809,9.0,51719664.0,33,88,29,53,0.382,2.36,7.2,1274,1153,35,0.0,2110,PHI,141722639.0,63,1.4480000000000002,60,2015,1,7
46,21,81904030.0,292,27,5631,3013200.1818181816,0.26,2.7,461,453,6215,4,28.2,3548000.0,0,45,14318868.0,532,3.21,121,3.36,115,162,162,162,162,8.4,89,75,0.7,140,110,1462,1392,46,38,1489.2,1166,1150,0.32299999999999995,0.7190000000000001,97,6285,29.6,4.3,3.68,661,697,596,23.0,2759768.0,33,98,41,63,0.396,2.95,8.1,1322,1338,54,0.0,2228,PIT,99435606.0,98,1.239,67,2015,0,13
46,26,93212255.0,260,36,5457,2916628.9729729723,0.243,3.2,426,516,6093,3,27.7,1568000.0,1,29,11029819.0,655,4.09,91,3.93,108,161,162,162,162,8.6,40,54,1.1,148,171,1324,1371,22,35,1440.1,1028,1041,0.3,0.685,91,6019,29.1,4.01,4.51,623,650,731,21.0,3267222.0,37,82,42,52,0.385,2.7,8.7,1327,1393,41,0.0,2100,SDP,107915272.0,74,1.31,54,2015,0,6
51,28,95874782.0,262,22,5544,3819559.787878788,0.249,3.0,478,491,6223,5,28.6,4538400.0,6,45,1383169.0,677,4.16,92,4.14,123,156,162,162,162,8.8,36,70,1.1,198,181,1379,1430,31,41,1463.0,1080,1108,0.311,0.722,101,6131,28.6,4.05,4.48,624,656,726,14.0,25921321.0,33,69,35,38,0.411,2.61,7.9,1336,1283,45,0.0,2279,SEA,126045473.0,76,1.3130000000000002,72,2015,5,12
48,21,133109385.0,288,39,5565,5178156.388888889,0.267,2.7,457,431,6009,4,28.9,3732500.0,7,36,38423837.0,597,3.72,103,3.91,142,155,162,162,162,8.4,49,50,1.0,136,155,1486,1344,30,28,1444.1,1130,1049,0.326,0.732,101,6153,31.5,4.3,3.87,663,696,627,3.0,12322089.0,36,93,37,45,0.406,2.7,7.3,1159,1165,41,0.0,2260,SFG,186413630.0,84,1.229,40,2015,4,18
46,23,128814787.0,288,39,5484,3478393.447368421,0.253,2.9,506,477,6134,5,28.4,3552500.0,1,38,3195000.0,478,2.94,134,3.47,128,161,162,162,162,8.4,66,45,0.8,137,123,1386,1359,47,37,1464.2,1152,1215,0.321,0.716,95,6139,28.2,3.99,3.24,619,647,525,12.0,0.0,38,69,42,39,0.394,2.79,8.2,1267,1329,62,0.0,2163,STL,132178951.0,100,1.254,48,2015,0,15
51,27,52092948.0,278,32,5485,2102361.4857142856,0.252,3.0,436,477,6069,5,28.5,3337500.0,1,45,8440963.0,604,3.74,105,3.91,121,161,162,162,162,8.1,84,46,1.1,167,175,1383,1314,22,23,1453.1,1075,1067,0.314,0.72,100,6071,26.7,3.98,3.96,612,644,642,29.0,12505697.0,35,87,47,19,0.406,2.84,8.4,1310,1355,60,0.0,2226,TBR,73582652.0,80,1.232,81,2015,1,12
57,31,124525876.0,279,32,5511,4011726.5,0.257,3.2,503,508,6215,5,28.7,2560000.0,5,39,13135760.0,680,4.24,100,4.34,99,157,162,162,162,9.1,76,63,1.1,172,171,1419,1459,32,29,1442.2,1130,1154,0.325,0.7390000000000001,98,6187,28.1,4.64,4.52,707,751,733,7.0,14368970.0,38,101,54,43,0.413,2.16,6.8,1233,1095,45,0.0,2278,TEX,152445607.0,88,1.3630000000000002,51,2015,3,9
52,28,106426104.0,308,17,5509,3738099.0270270263,0.269,2.5,570,397,5984,4,29.5,3578100.0,7,23,6382500.0,609,3.8,108,4.09,140,155,162,162,162,8.5,54,59,1.1,232,173,1480,1353,12,20,1441.0,1057,991,0.34,0.797,115,6232,29.2,5.5,4.14,852,891,670,10.0,25214964.0,37,88,62,36,0.457,2.81,7.0,1151,1117,34,0.0,2518,TOR,138309664.0,93,1.214,62,2015,2,10
44,26,146009803.0,265,13,5428,4247566.538461538,0.251,2.3,539,364,5975,4,28.4,507500.0,4,23,17556549.0,577,3.62,110,3.45,129,158,162,162,162,8.6,44,55,0.9,177,145,1363,1366,38,37,1434.2,1114,1036,0.321,0.7240000000000001,96,6117,28.6,4.34,3.92,665,703,635,5.0,2000000.0,39,57,51,55,0.403,3.69,8.4,1344,1342,41,0.0,2185,WSN,165655095.0,83,1.206,39,2015,3,13
50,29,78823003.0,285,56,5665,2796413.7714285715,0.261,3.7,463,603,6437,7,26.7,3561200.0,2,31,1051200.0,821,5.09,88,4.5,117,160,162,162,162,9.7,50,57,1.3,190,202,1479,1563,43,57,1451.1,1113,1193,0.32,0.752,93,6260,26.4,4.64,5.49,709,752,890,22.0,17455091.0,35,137,38,43,0.4320000000000001,2.19,8.2,1427,1318,31,0.0,2446,ARI,97874482.0,69,1.492,69,2016,2,7
60,35,46917344.0,295,27,5514,2745160.942857143,0.255,3.4,502,547,6250,4,28.9,4650000.0,1,34,8116832.0,725,4.51,92,4.32,145,160,161,161,161,8.8,59,70,1.1,122,177,1404,1414,60,55,1447.2,1160,1128,0.321,0.705,89,6192,26.4,4.03,4.84,615,649,779,24.0,41248677.0,35,75,52,64,0.384,2.24,7.6,1240,1227,39,0.0,2119,ATL,96080633.0,68,1.355,83,2016,1,9
47,27,144461083.0,265,6,5524,4294350.0571428565,0.256,3.4,468,545,6122,3,28.5,3061000.0,1,13,2650245.0,671,4.22,102,4.31,119,161,162,162,162,8.8,44,51,1.2,253,183,1413,1408,19,23,1432.0,1065,1111,0.317,0.76,101,6089,27.9,4.59,4.41,710,744,715,10.0,2773173.0,35,19,36,17,0.443,2.29,7.8,1324,1248,54,0.0,2449,BAL,150302252.0,89,1.364,59,2016,0,9
50,26,165121274.0,343,25,5670,5935966.742857142,0.282,3.1,558,490,6073,0,28.5,23874428.0,9,24,19567513.0,640,4.0,112,4.0,137,153,162,162,162,8.4,43,65,1.1,208,176,1598,1342,34,16,1439.2,1162,1060,0.348,0.81,112,6320,29.0,5.42,4.28,836,878,694,3.0,2194948.0,35,83,40,8,0.461,2.78,8.5,1160,1362,43,0.0,2615,BOS,207758836.0,93,1.273,52,2016,1,5
45,26,161378832.0,293,30,5503,5120902.611111111,0.256,3.1,656,495,5933,0,27.4,3230000.0,5,34,2050500.0,511,3.15,133,3.77,107,157,162,162,162,6.9,96,63,1.0,199,163,1409,1125,45,24,1459.2,1217,998,0.343,0.772,104,6335,29.9,4.99,3.43,767,808,556,5.0,19412586.0,36,66,37,42,0.429,2.91,8.9,1339,1441,38,0.0,2359,CHC,184352494.0,103,1.11,80,2016,2,15
50,28,88724466.0,277,33,5550,3706162.4571428574,0.257,3.2,455,521,6196,2,28.3,0.0,7,36,12024268.0,659,4.1,99,4.27,122,155,162,162,162,8.8,53,68,1.2,168,185,1428,1422,16,30,1446.2,1105,1141,0.317,0.727,99,6131,28.6,4.23,4.41,656,686,715,16.0,28966952.0,35,77,44,29,0.41,2.44,7.9,1285,1270,43,0.0,2275,CHW,129715686.0,78,1.3430000000000002,72,2016,1,10
52,32,63783665.0,277,33,5487,2858917.322580645,0.256,4.0,452,636,6348,12,27.8,4953000.0,2,51,11856070.0,786,4.91,87,5.24,129,160,162,162,162,9.1,52,78,1.6,164,258,1403,1457,37,31,1442.0,1014,1168,0.316,0.7240000000000001,91,6094,27.1,4.42,5.27,678,716,854,25.0,10862757.0,31,139,44,58,0.408,1.95,7.7,1284,1241,28,0.0,2238,CIN,88626437.0,68,1.4509999999999998,61,2016,1,8
48,27,61284062.0,308,29,5484,2864088.3243243243,0.262,2.9,531,461,6033,7,29.0,2015000.0,5,31,11875000.0,617,3.84,118,3.91,137,156,161,161,161,8.3,49,34,1.2,185,186,1435,1330,16,34,1445.0,1084,1022,0.329,0.759,96,6155,28.1,4.83,4.2,733,777,676,18.0,30765065.0,37,134,60,31,0.43,3.03,8.7,1246,1398,37,1000000.0,2356,CLE,105971268.0,94,1.239,49,2016,3,11
47,25,88354041.0,318,47,5614,2916277.8378378376,0.275,3.4,494,547,6289,5,27.8,3037000.0,2,39,1289832.0,779,4.91,99,4.38,113,160,162,162,162,9.6,40,70,1.1,204,181,1544,1532,35,38,1429.1,1089,1141,0.336,0.794,97,6236,27.7,5.22,5.31,805,845,860,17.0,16710362.0,37,66,34,54,0.457,2.24,7.7,1330,1223,37,0.0,2568,COL,107902280.0,75,1.455,72,2016,2,9
44,23,163019728.0,252,30,5526,5887626.029411765,0.267,2.9,493,462,6048,4,29.9,2555000.0,3,29,28189200.0,672,4.24,101,4.16,135,158,161,161,161,8.9,53,51,1.1,211,182,1476,1417,32,25,1428.0,1105,1043,0.331,0.769,106,6127,29.0,4.66,4.48,719,750,721,4.0,8675064.0,34,58,38,17,0.438,2.67,7.8,1303,1232,47,0.0,2421,DET,200179285.0,86,1.3159999999999998,44,2016,1,8
43,23,75441606.0,291,29,5545,3039080.6470588236,0.247,2.8,554,453,6180,2,26.4,2507500.0,2,44,6968124.0,663,4.06,97,3.85,134,160,162,162,162,8.8,47,39,1.1,198,181,1367,1441,31,19,1468.0,1086,1075,0.319,0.735,102,6204,28.9,4.47,4.33,689,724,701,20.0,19455584.0,34,102,31,27,0.417,3.08,8.6,1452,1396,44,0.0,2310,HOU,103328742.0,84,1.29,98,2016,1,8
42,21,106349212.0,264,33,5552,4045353.0857142857,0.261,3.2,382,517,6182,7,28.5,1016000.0,3,35,20825000.0,674,4.21,102,4.42,134,159,162,162,162,9.0,45,60,1.3,147,206,1450,1433,23,8,1440.0,1049,1150,0.312,0.7120000000000001,90,6052,29.9,4.17,4.4,640,675,712,14.0,14210664.0,35,121,34,38,0.4,2.49,8.0,1224,1287,41,0.0,2221,KCR,141587358.0,81,1.354,55,2016,0,7
53,30,89878997.0,279,20,5431,5283739.606060606,0.26,3.2,471,498,6120,10,28.5,6071500.0,4,34,39667205.0,676,4.28,94,4.62,147,158,162,162,162,9.4,51,56,1.3,156,208,1410,1480,21,27,1421.1,1037,1129,0.322,0.726,100,6041,28.4,4.43,4.49,686,717,727,7.0,42327190.0,33,73,49,36,0.405,2.28,7.2,991,1136,29,0.0,2197,LAA,174363407.0,74,1.392,47,2016,3,12
55,31,193881011.0,272,21,5518,6718637.35,0.249,2.9,525,464,6014,5,28.9,9090000.0,3,26,13288890.0,598,3.7,109,3.61,120,159,162,162,162,7.8,58,53,1.0,189,165,1376,1266,31,51,1453.0,1106,1017,0.319,0.728,95,6164,28.9,4.48,3.94,680,725,638,1.0,54652847.0,40,45,32,30,0.409,3.25,9.4,1321,1510,47,0.0,2257,LAD,268745494.0,91,1.1909999999999998,58,2016,3,15
53,31,61342038.0,259,42,5547,2100413.6756756757,0.263,3.7,447,595,6164,3,28.3,6199500.0,0,28,0.0,646,4.05,98,3.97,140,161,161,161,161,8.5,54,61,1.0,128,152,1460,1358,40,62,1435.0,1171,1177,0.322,0.716,96,6134,28.0,4.07,4.24,626,655,682,28.0,12832559.0,37,71,38,46,0.394,2.32,8.6,1213,1379,55,0.0,2187,MIA,77715306.0,79,1.361,66,2016,0,12
50,27,49464613.0,249,19,5330,1776034.0285714285,0.244,3.3,599,532,6188,2,27.5,4262100.0,0,56,2517700.0,650,4.08,105,4.37,131,162,162,162,162,9.1,37,66,1.1,194,178,1299,1450,34,33,1434.1,1071,1152,0.322,0.7290000000000001,92,6061,28.1,4.14,4.52,641,671,733,30.0,8299097.0,35,181,39,53,0.407,2.21,7.4,1543,1175,46,0.0,2168,MIL,62161191.0,73,1.382,48,2016,0,7
49,29,61165450.0,288,35,5618,3136917.9677419355,0.251,3.0,513,479,6314,7,26.9,3782000.0,4,32,24241532.0,814,5.08,83,4.57,96,158,162,162,162,10.1,44,41,1.4,200,221,1409,1617,24,26,1443.0,1124,1096,0.316,0.738,98,6245,28.3,4.46,5.49,690,722,889,23.0,8975794.0,31,91,43,27,0.421,2.49,7.4,1426,1191,26,0.0,2367,MIN,97244457.0,59,1.453,83,2016,1,3
46,22,101798286.0,240,19,5459,3887855.6315789474,0.246,2.7,517,439,6067,7,29.5,0.0,1,18,39822605.0,574,3.57,113,3.56,123,161,162,162,162,8.7,62,35,0.9,218,152,1342,1397,43,39,1447.0,1120,1109,0.316,0.733,97,6115,28.4,4.14,3.81,649,671,617,12.0,6117623.0,38,42,41,35,0.417,3.18,8.7,1302,1396,55,0.0,2274,NYM,147738514.0,87,1.269,50,2016,1,13
53,29,159213515.0,245,20,5458,6131760.444444444,0.252,2.8,475,444,6023,2,30.1,1522500.0,0,22,10509409.0,660,4.16,104,4.2,121,162,162,162,162,8.6,42,57,1.3,183,214,1378,1358,19,15,1428.1,1098,1036,0.315,0.72,91,6059,27.9,4.2,4.33,647,680,702,2.0,50238466.0,36,72,49,21,0.405,3.14,8.8,1188,1393,48,0.0,2212,NYY,220743376.0,84,1.262,52,2016,0,10
51,27,27854151.0,270,21,5500,2437620.2352941176,0.246,2.9,442,464,6144,3,28.7,507500.0,2,23,19754414.0,718,4.51,91,4.24,142,160,162,162,162,9.2,33,50,1.2,169,185,1352,1459,19,28,1433.1,1036,1083,0.304,0.6990000000000001,91,6022,27.9,4.03,4.7,634,653,761,27.0,35098597.0,34,50,34,13,0.395,2.56,7.5,1145,1188,42,0.0,2171,OAK,82879088.0,69,1.342,70,2016,1,7
49,27,53797706.0,231,35,5434,2808075.9189189197,0.24,2.9,424,466,6164,9,26.9,6166668.0,4,45,22025303.0,739,4.63,91,4.34,112,158,162,162,162,9.2,58,51,1.3,161,213,1305,1468,33,30,1437.0,1043,1057,0.301,0.685,82,5992,26.3,3.77,4.91,574,610,796,19.0,21909132.0,37,96,30,46,0.384,2.79,8.1,1376,1299,43,0.0,2089,PHI,103898809.0,71,1.346,57,2016,3,12
55,32,57311465.0,277,32,5542,2927004.0,0.257,3.3,561,533,6292,7,28.9,2030000.0,5,45,10861276.0,679,4.21,99,4.3,133,157,162,162,162,9.2,81,68,1.1,153,180,1426,1490,39,28,1450.2,1173,1182,0.332,0.7340000000000001,96,6261,28.6,4.5,4.68,696,729,758,21.0,31267751.0,34,110,36,41,0.402,2.31,7.6,1334,1232,51,0.0,2226,PIT,99518136.0,78,1.395,71,2016,1,5
58,32,21580892.0,257,26,5419,2385933.057142857,0.235,3.6,449,569,6228,3,28.1,1016800.0,1,45,13711664.0,708,4.43,90,4.4,93,161,162,162,162,8.9,58,53,1.1,177,183,1275,1425,30,44,1440.0,965,1138,0.299,0.6890000000000001,86,6001,28.1,4.23,4.75,654,686,770,26.0,48181815.0,35,125,36,36,0.39,2.15,7.6,1500,1222,35,0.0,2115,SDP,83507657.0,68,1.385,67,2016,0,9
54,32,131833221.0,251,17,5583,4186758.657142857,0.259,2.8,506,460,6147,7,30.5,3556000.0,2,28,4036934.0,647,4.0,102,4.3,138,160,162,162,162,8.7,72,55,1.3,223,213,1446,1410,29,30,1457.0,1099,1069,0.326,0.7559999999999999,106,6227,28.8,4.74,4.36,735,768,707,13.0,9931590.0,35,56,41,24,0.43,2.87,8.1,1288,1318,49,0.0,2400,SEA,146536553.0,86,1.283,52,2016,2,8
45,25,176177032.0,280,54,5565,4953523.444444444,0.258,2.7,572,439,6049,6,29.2,4352500.0,10,36,487120.0,593,3.65,109,3.76,120,152,162,162,162,8.2,42,46,1.0,130,158,1437,1334,43,30,1460.1,1188,1037,0.329,0.728,97,6271,30.0,4.41,3.9,675,715,631,6.0,1082965.0,36,79,46,42,0.398,2.98,8.1,1107,1309,43,0.0,2215,SFG,178326844.0,87,1.214,40,2016,3,11
41,21,132790389.0,299,32,5548,4148774.166666666,0.255,3.0,526,475,6164,1,28.5,0.0,2,26,13596500.0,656,4.08,100,3.88,117,160,162,162,162,8.9,70,52,1.0,225,159,1415,1432,28,35,1448.1,1113,1107,0.325,0.767,104,6223,28.0,4.81,4.4,745,779,712,11.0,2968981.0,36,35,41,37,0.442,2.72,8.0,1318,1290,38,0.0,2453,STL,149355870.0,86,1.317,50,2016,2,10
48,25,36226000.0,288,32,5481,1936622.6969696968,0.243,3.1,449,491,6076,7,27.7,3537000.0,1,37,5226100.0,665,4.2,96,4.26,88,161,162,162,162,8.8,69,32,1.3,216,210,1333,1395,20,25,1426.1,1060,1084,0.307,0.733,100,6046,26.9,4.15,4.4,647,672,713,29.0,20177348.0,33,60,28,18,0.426,2.76,8.6,1482,1357,42,0.0,2333,TBR,63908549.0,68,1.3219999999999998,61,2016,1,8
52,31,134724626.0,257,23,5525,4405991.621621622,0.262,3.3,436,534,6186,5,28.4,2033000.0,1,36,21458018.0,700,4.37,104,4.58,114,161,162,162,162,9.0,70,53,1.3,215,201,1446,1441,23,16,1443.0,1038,1100,0.322,0.755,96,6089,28.8,4.72,4.67,746,765,757,8.0,6652924.0,37,99,40,18,0.433,2.16,7.2,1220,1154,56,0.0,2394,TEX,163021690.0,95,1.369,45,2016,0,6
49,29,138232539.0,276,18,5479,4230152.194444444,0.248,2.8,632,461,6113,7,30.0,4083200.0,0,24,1000000.0,613,3.78,113,4.04,153,162,162,162,162,8.3,55,59,1.1,221,183,1358,1340,16,10,1459.1,1120,1069,0.33,0.755,101,6233,29.8,4.69,4.11,728,759,666,9.0,12644767.0,36,54,40,26,0.426,2.85,8.1,1362,1314,43,0.0,2333,TOR,152285479.0,89,1.234,50,2016,0,10
43,24,119216458.0,268,29,5490,3982395.771428572,0.256,2.9,536,468,6036,4,28.8,515900.0,1,39,5869400.0,570,3.51,122,3.58,102,161,162,162,162,7.8,64,57,1.0,203,155,1403,1272,49,43,1459.2,1105,1044,0.326,0.7509999999999999,96,6201,29.1,4.71,3.78,735,763,612,15.0,14207786.0,35,121,63,48,0.426,3.15,9.1,1252,1476,46,0.0,2338,WSN,139383852.0,95,1.192,47,2016,0,12
45,23,81644775.0,314,39,5525,2850540.972222222,0.254,3.2,578,516,6072,5,28.3,1070000.0,2,30,19379200.0,586,3.66,128,3.8,106,160,162,162,162,8.2,54,38,1.1,220,171,1405,1309,44,45,1441.0,1118,1090,0.329,0.774,94,6224,28.7,5.01,4.07,776,812,659,23.0,1572116.0,36,103,27,39,0.445,2.87,9.3,1456,1482,43,0.0,2457,ARI,102619475.0,93,1.266,82,2017,1,11
49,26,80713434.0,289,26,5584,3006245.0,0.263,3.6,474,584,6306,5,28.7,3342500.0,0,31,1997766.0,756,4.72,93,4.51,137,162,162,162,162,9.1,66,70,1.2,165,192,1467,1463,57,39,1441.1,1127,1161,0.326,0.738,92,6216,29.4,4.52,5.07,706,732,821,21.0,21037983.0,35,77,32,59,0.412,2.15,7.9,1184,1258,36,0.0,2303,ATL,105218575.0,72,1.42,58,2017,0,6
50,26,163655046.0,269,12,5650,5009975.0571428565,0.26,3.6,392,579,6293,6,28.6,8935000.0,1,13,0.0,795,4.97,88,4.96,138,161,162,162,162,9.4,50,60,1.5,232,242,1469,1505,12,21,1441.0,1041,1129,0.312,0.747,100,6140,28.2,4.59,5.19,713,743,841,8.0,7267168.0,35,32,37,10,0.435,2.13,7.7,1412,1233,35,0.0,2458,BAL,175349127.0,75,1.446,53,2017,1,10
49,27,172158546.0,302,19,5669,5522960.736842105,0.258,2.8,571,465,6217,3,27.3,2605000.0,5,31,5941108.0,610,3.7,123,3.78,141,157,162,162,162,8.4,53,49,1.2,168,195,1461,1384,48,18,1482.1,1134,1102,0.329,0.736,92,6338,28.4,4.85,4.12,735,785,668,2.0,30597474.0,38,106,36,9,0.407,3.4,9.6,1224,1580,39,0.0,2305,BOS,209872508.0,93,1.247,43,2017,1,11
47,28,161127834.0,274,29,5496,4780348.222222222,0.255,3.4,622,554,6108,4,27.1,1070000.0,2,31,0.0,636,3.95,112,4.2,134,160,162,162,162,8.0,82,66,1.2,223,194,1402,1294,54,29,1447.1,1147,1071,0.338,0.775,99,6283,30.8,5.07,4.29,785,822,695,9.0,10748400.0,36,62,32,48,0.4370000000000001,2.6,8.9,1401,1439,38,0.0,2403,CHC,172092536.0,92,1.277,73,2017,1,8
51,31,32540383.0,256,37,5513,2879422.933333333,0.256,4.0,401,632,6200,5,26.7,2680000.0,0,31,7571000.0,755,4.78,90,5.17,124,162,162,162,162,8.8,76,68,1.5,186,242,1412,1384,17,36,1421.2,1055,1115,0.314,0.731,96,6059,28.7,4.36,5.06,670,706,820,26.0,45746296.0,30,71,33,35,0.417,1.89,7.6,1397,1193,25,0.0,2300,CHW,86382688.0,67,1.418,67,2017,0,3
47,31,64567947.0,249,38,5484,2755314.371428572,0.253,4.0,565,631,6286,7,27.1,1073000.0,2,39,16021450.0,821,5.17,87,5.08,116,160,162,162,162,9.1,72,77,1.6,219,248,1390,1442,41,37,1430.0,1135,1127,0.329,0.7609999999999999,97,6213,27.6,4.65,5.36,715,753,869,25.0,15403006.0,35,120,42,50,0.433,2.06,8.2,1329,1300,33,0.0,2372,CIN,96436003.0,68,1.45,62,2017,1,8
41,20,115772319.0,333,29,5511,3383562.256410256,0.263,2.5,604,406,5866,1,28.0,1070000.0,7,23,6129713.0,529,3.3,138,3.33,125,155,162,162,162,7.9,50,45,1.0,212,163,1449,1267,30,15,1440.2,1158,980,0.339,0.7879999999999999,104,6234,28.9,5.05,3.48,780,818,564,18.0,10007205.0,39,88,45,23,0.449,3.98,10.1,1153,1614,37,0.0,2476,CLE,131958928.0,102,1.161,48,2017,3,19
41,21,105029084.0,293,38,5534,3980695.4571428574,0.273,3.3,519,532,6177,10,28.3,2152000.0,1,34,0.0,721,4.51,112,4.32,143,161,162,162,162,9.1,44,50,1.2,192,190,1510,1453,46,20,1437.2,1088,1107,0.338,0.7809999999999999,90,6201,27.0,5.09,4.67,793,824,757,16.0,33618391.0,35,59,41,62,0.444,2.39,8.0,1408,1270,47,0.0,2455,COL,139324341.0,87,1.381,69,2017,1,9
49,29,90755330.0,289,35,5556,5385682.4,0.258,3.4,503,538,6298,4,29.6,4226400.0,2,34,18000000.0,846,5.36,84,4.73,128,160,162,162,162,10.1,52,61,1.4,187,218,1435,1587,21,42,1420.1,1104,1143,0.324,0.748,98,6150,28.3,4.54,5.52,699,735,894,5.0,77874916.0,35,65,27,11,0.424,2.23,7.6,1313,1202,32,0.0,2355,DET,188498884.0,64,1.496,53,2017,1,4
46,27,132536382.0,346,20,5611,3467741.925,0.282,3.2,509,522,6111,4,28.8,2535000.0,1,42,835843.0,662,4.12,99,3.91,139,161,162,162,162,8.2,70,70,1.2,238,192,1581,1314,27,17,1446.0,1094,1073,0.34600000000000003,0.823,123,6271,28.5,5.53,4.32,854,896,700,17.0,3284838.0,40,98,61,11,0.478,3.05,9.9,1087,1593,45,0.0,2681,HOU,138709677.0,101,1.27,86,2017,0,9
49,29,125678691.0,260,24,5536,4117439.5,0.259,3.2,390,519,6218,6,28.9,3391100.0,1,31,1046749.0,737,4.61,97,4.43,160,161,162,162,162,9.3,45,52,1.2,193,196,1436,1480,19,24,1437.2,1005,1114,0.311,0.731,93,6027,30.3,4.33,4.88,660,702,791,13.0,19965515.0,36,91,37,17,0.42,2.34,7.6,1166,1216,39,0.0,2323,KCR,148227822.0,80,1.39,48,2017,1,6
55,31,109185825.0,251,14,5415,4747463.114285714,0.243,2.9,523,470,6030,6,30.0,3210000.0,1,44,16095730.0,672,4.2,102,4.43,141,161,162,162,162,8.6,70,44,1.4,186,224,1314,1373,30,25,1440.2,1033,999,0.315,0.7120000000000001,92,6073,29.1,4.38,4.38,678,710,709,10.0,40248286.0,35,136,46,17,0.397,2.79,8.2,1198,1312,43,0.0,2151,LAA,166161209.0,80,1.279,57,2017,1,10
52,26,184284091.0,312,20,5408,6644092.948717949,0.249,2.8,649,442,5925,10,27.9,11675000.0,2,28,22654516.0,543,3.38,123,3.67,119,160,162,162,162,7.6,64,40,1.1,221,184,1347,1226,41,33,1444.2,1146,1011,0.334,0.7709999999999999,104,6191,29.7,4.75,3.58,730,770,580,1.0,41492656.0,39,77,38,31,0.4370000000000001,3.5,9.6,1380,1549,51,0.0,2362,LAD,259119625.0,104,1.155,40,2017,0,16
43,24,72360311.0,271,31,5602,3573083.8387096776,0.267,3.9,486,627,6318,3,28.4,5169000.0,1,30,21441206.0,772,4.82,83,4.69,119,161,162,162,162,9.0,67,75,1.2,194,193,1497,1450,48,59,1442.2,1130,1168,0.331,0.7609999999999999,107,6248,28.7,4.8,5.07,743,778,822,20.0,13782819.0,31,91,41,50,0.431,1.92,7.5,1282,1202,34,0.0,2412,MIA,110765599.0,77,1.44,57,2017,1,7
50,30,57578930.0,267,22,5467,2027799.382352941,0.249,3.4,547,553,6164,2,27.4,9463200.0,1,41,547000.0,642,4.0,110,4.24,116,161,162,162,162,8.6,53,64,1.2,224,185,1363,1381,34,45,1445.2,1088,1130,0.322,0.7509999999999999,94,6135,28.3,4.52,4.3,695,732,697,30.0,6033614.0,34,128,26,42,0.429,2.43,8.4,1571,1346,54,0.0,2346,MIL,68945179.0,86,1.338,50,2017,0,12
52,36,75616449.0,286,31,5557,3560260.911764706,0.26,3.0,593,483,6205,8,27.0,5690000.0,6,28,22830000.0,732,4.59,97,4.72,105,156,162,162,162,9.3,46,69,1.4,206,224,1444,1487,26,37,1436.0,1147,1109,0.334,0.768,104,6261,29.6,5.03,4.86,781,815,788,19.0,19497309.0,34,95,39,26,0.434,2.41,7.3,1342,1166,42,0.0,2410,MIN,121048871.0,85,1.372,52,2017,3,11
52,29,48736470.0,286,28,5510,4235004.647058823,0.25,3.7,529,593,6378,5,28.8,535000.0,2,23,44924726.0,799,5.01,83,4.59,118,160,162,162,162,9.6,57,55,1.4,224,220,1379,1538,31,51,1434.2,1099,1211,0.32,0.755,101,6169,27.5,4.54,5.33,713,735,863,15.0,50270502.0,34,58,37,36,0.434,2.32,8.6,1291,1374,34,0.0,2393,NYM,143990158.0,70,1.485,55,2017,0,5
51,25,164826896.0,266,23,5594,5667323.027027028,0.262,3.1,616,504,6078,4,28.6,2305000.0,2,22,7867680.0,599,3.72,121,3.88,119,160,162,162,162,7.8,64,53,1.2,241,192,1463,1248,22,18,1448.2,1184,1072,0.339,0.785,105,6354,27.8,5.3,4.07,821,858,660,3.0,36170687.0,37,90,56,18,0.447,3.1,9.7,1386,1560,36,0.0,2498,NYY,209690952.0,91,1.209,83,2017,1,7
54,28,31723817.0,305,15,5464,2226578.1818181816,0.246,3.2,565,502,6167,3,28.7,3747500.0,1,22,1437784.0,743,4.67,90,4.57,129,161,162,162,162,9.1,43,61,1.3,234,210,1344,1444,15,17,1431.0,1075,1048,0.319,0.755,104,6126,27.9,4.56,5.1,708,739,826,29.0,39189018.0,33,57,40,13,0.436,2.39,7.6,1491,1202,35,0.0,2381,OAK,73477080.0,75,1.36,84,2017,1,6
51,31,23135934.0,287,36,5535,3250650.25,0.25,3.3,494,527,6235,11,26.6,1605000.0,1,25,16578578.0,729,4.55,95,4.56,128,161,162,162,162,9.2,47,63,1.4,174,221,1382,1471,25,39,1441.0,1079,1130,0.315,0.723,89,6133,26.8,4.26,4.83,654,690,782,22.0,64189622.0,32,59,36,21,0.409,2.48,8.2,1417,1309,33,0.0,2263,PHI,104020808.0,66,1.3869999999999998,50,2017,0,7
47,24,64196313.0,249,36,5458,2805800.8571428573,0.244,3.2,519,511,6208,2,28.2,1605000.0,2,36,16750000.0,676,4.22,101,4.23,120,160,162,162,162,9.1,88,58,1.1,151,182,1331,1464,39,32,1440.2,1129,1155,0.318,0.7040000000000001,86,6136,27.1,4.12,4.51,635,668,731,24.0,14381028.0,35,67,28,42,0.386,2.47,7.9,1213,1262,36,0.0,2105,PIT,98203030.0,75,1.371,58,2017,1,12
52,32,24930424.0,227,31,5356,2435052.4375,0.234,3.5,460,554,6169,11,26.2,9969600.0,2,33,5182750.0,742,4.67,90,4.67,99,160,162,162,162,8.9,53,75,1.4,189,226,1251,1417,20,28,1430.2,1037,1061,0.299,0.6920000000000001,83,5954,27.7,3.73,5.04,576,604,816,27.0,42793983.0,32,89,33,52,0.393,2.39,8.3,1499,1325,45,0.0,2107,SDP,77921678.0,71,1.378,73,2017,1,12
61,40,126620983.0,281,17,5551,4611352.285714285,0.259,3.1,487,490,6132,7,29.5,7066500.0,1,35,23249738.0,713,4.46,94,4.7,131,161,162,162,162,8.7,78,53,1.5,200,237,1436,1399,31,28,1440.1,1084,1039,0.325,0.7490000000000001,103,6166,27.8,4.63,4.77,714,750,772,12.0,10137477.0,35,89,35,14,0.424,2.54,7.8,1267,1244,39,0.0,2351,SEA,161397330.0,78,1.3119999999999998,73,2017,0,9
49,22,171792784.0,290,28,5551,5423051.685714286,0.249,3.1,467,496,6287,3,29.5,6605000.0,3,34,7219058.0,726,4.5,95,4.22,136,159,162,162,162,9.4,36,50,1.1,128,182,1382,1515,37,42,1452.0,1093,1155,0.309,0.6890000000000001,81,6137,28.9,3.94,4.79,612,639,776,4.0,6354972.0,35,76,52,31,0.38,2.49,7.6,1204,1234,32,0.0,2112,SFG,189806809.0,64,1.385,55,2017,2,5
48,25,107961954.0,284,28,5470,3925840.135135135,0.256,3.1,593,493,6153,0,28.0,1747500.0,3,31,6935000.0,646,4.01,106,4.09,139,159,162,162,162,8.6,65,67,1.1,196,183,1402,1393,36,50,1450.1,1118,1097,0.334,0.76,99,6219,28.3,4.7,4.35,728,761,705,14.0,29772125.0,37,81,44,47,0.426,2.74,8.4,1348,1351,43,0.0,2330,STL,145256085.0,83,1.3,38,2017,3,12
53,31,63018694.0,226,32,5478,2119755.6944444445,0.245,3.1,545,503,6099,4,28.3,2675600.0,0,34,6867218.0,638,3.97,106,4.17,115,162,162,162,162,8.2,55,48,1.2,228,193,1340,1324,33,37,1445.0,1114,1060,0.317,0.7390000000000001,99,6147,27.6,4.28,4.35,671,694,704,28.0,6498455.0,36,88,48,16,0.422,2.69,8.4,1538,1352,53,0.0,2314,TBR,76311205.0,80,1.264,83,2017,0,9
51,31,126365185.0,255,21,5430,4537523.333333333,0.244,3.5,544,559,6211,7,28.3,5774990.0,2,44,1074360.0,742,4.66,103,4.88,110,160,162,162,162,9.1,81,74,1.3,237,214,1326,1443,18,22,1434.1,1015,1092,0.32,0.75,91,6122,28.8,4.93,5.04,756,799,816,11.0,33806996.0,36,113,39,27,0.43,1.98,6.9,1493,1107,29,0.0,2334,TEX,163350840.0,78,1.396,63,2017,1,6
60,34,125422069.0,269,5,5499,5344785.342857143,0.24,3.4,542,549,6316,4,30.9,8395700.0,2,24,22811106.0,720,4.42,102,4.31,153,160,162,162,162,9.0,51,48,1.2,222,203,1320,1460,12,25,1465.0,1064,1137,0.312,0.7240000000000001,91,6154,28.8,4.28,4.84,661,693,784,6.0,38864802.0,35,53,35,25,0.412,2.5,8.4,1327,1372,45,0.0,2265,TOR,187067487.0,76,1.371,53,2017,0,6
49,24,164539852.0,311,31,5553,5062190.388888889,0.266,3.1,542,495,6068,5,29.2,1605000.0,3,30,11351707.0,623,3.88,116,3.99,116,159,162,162,162,8.1,31,60,1.2,215,189,1477,1300,56,39,1446.2,1101,1056,0.332,0.782,99,6214,30.1,5.06,4.15,796,819,672,7.0,5952690.0,36,108,45,43,0.449,2.94,9.1,1327,1457,46,0.0,2495,WSN,182238854.0,97,1.241,44,2017,1,5
49,30,109501628.0,259,50,5460,4094988.4857142856,0.235,3.2,560,522,6139,5,29.2,15151500.0,2,25,14124025.0,605,3.72,117,3.91,110,160,162,162,162,8.1,52,57,1.1,176,174,1283,1313,36,43,1463.0,1086,1106,0.31,0.7070000000000001,84,6157,29.6,4.28,3.98,658,693,644,14.0,5630585.0,35,79,45,38,0.397,2.77,8.9,1460,1448,39,0.0,2170,ARI,143324597.0,82,1.254,69,2018,1,9
58,35,73567565.0,314,29,5582,3531064.729729729,0.257,3.9,511,635,6155,8,27.3,5180000.0,2,36,13299094.0,607,3.75,108,3.98,99,160,162,162,162,7.6,66,52,0.9,175,153,1433,1236,53,43,1456.2,1143,1128,0.324,0.742,99,6266,27.7,4.69,4.06,717,759,657,18.0,42392955.0,37,90,43,49,0.417,2.24,8.8,1290,1423,40,0.0,2330,ATL,130649395.0,90,1.284,61,2018,1,11
56,30,69691407.0,242,15,5507,3358781.657894737,0.239,3.7,422,589,6340,8,28.4,3726500.0,2,22,12650000.0,824,5.18,80,4.98,132,160,162,162,162,9.8,57,67,1.5,188,234,1317,1552,19,29,1431.0,1027,1155,0.298,0.6890000000000001,91,6034,27.1,3.84,5.51,593,622,892,20.0,40717656.0,38,81,35,13,0.391,2.04,7.6,1412,1203,28,3000000.0,2153,BAL,127633703.0,47,1.496,81,2018,0,7
44,23,167955780.0,355,31,5623,6316635.0,0.268,3.2,569,512,6166,3,27.7,2180000.0,2,31,18074000.0,608,3.75,117,3.82,130,160,162,162,162,8.1,55,84,1.1,208,176,1509,1305,38,8,1458.2,1124,1143,0.339,0.792,112,6302,28.9,5.41,3.99,829,876,647,1.0,41755860.0,36,125,48,7,0.453,3.04,9.6,1253,1558,46,0.0,2550,BOS,227398860.0,108,1.246,51,2018,0,14
50,35,152092957.0,286,34,5624,5250268.4594594585,0.258,3.8,576,622,6264,3,27.2,2725000.0,1,38,37451220.0,598,3.65,118,4.14,107,162,163,163,163,8.0,78,66,1.0,167,157,1453,1319,67,33,1476.1,1224,1190,0.333,0.7440000000000001,95,6369,30.2,4.67,3.96,722,761,645,4.0,1216894.0,37,66,46,40,0.41,2.14,8.1,1388,1333,46,3200000.0,2308,CHC,194259933.0,95,1.315,46,2018,0,18
51,31,57261542.0,259,40,5523,2244994.0,0.241,4.1,425,653,6339,9,26.5,4935000.0,0,41,5920130.0,772,4.84,87,4.73,99,162,162,162,162,8.8,66,89,1.2,182,196,1332,1405,18,25,1437.0,1050,1180,0.302,0.703,93,6071,27.6,4.05,5.23,639,656,848,29.0,7681442.0,32,98,32,24,0.401,1.93,7.9,1594,1259,34,0.0,2217,CHW,71839808.0,62,1.432,94,2018,0,8
53,32,82511299.0,251,25,5532,3343525.6,0.254,3.3,559,532,6279,8,27.2,4395000.0,1,33,1344890.0,741,4.63,91,4.66,128,161,162,162,162,9.3,65,50,1.4,172,228,1404,1491,35,60,1441.0,1179,1137,0.328,0.7290000000000001,94,6240,27.1,4.3,5.06,665,696,819,25.0,15242487.0,30,77,35,49,0.401,2.36,7.9,1376,1258,38,0.0,2221,CIN,100305768.0,67,1.404,48,2018,0,6
49,27,123670545.0,297,19,5595,4080134.371428572,0.259,2.5,554,407,6071,2,29.4,3277000.0,5,36,12836166.0,611,3.77,116,3.79,98,157,162,162,162,8.3,80,59,1.2,216,200,1447,1349,32,29,1457.1,1147,1051,0.332,0.7659999999999999,105,6300,29.4,5.05,4.0,786,818,648,15.0,5222548.0,35,135,44,25,0.434,3.79,9.5,1189,1544,41,0.0,2430,CLE,142804703.0,91,1.205,54,2018,2,17
41,21,131213168.0,280,42,5541,4113386.9714285713,0.256,3.3,507,525,6154,8,28.7,3277000.0,0,33,7545000.0,699,4.33,108,4.06,114,163,163,163,163,8.5,51,52,1.1,210,184,1418,1378,38,24,1452.1,1067,1052,0.322,0.757,90,6178,27.9,4.79,4.57,748,780,745,13.0,4442400.0,35,95,37,42,0.435,2.68,8.7,1397,1409,51,0.0,2412,COL,143968544.0,91,1.31,70,2018,0,10
49,27,67047516.0,284,35,5494,3968481.484848485,0.241,3.1,428,491,6130,4,27.9,4187600.0,0,30,37720870.0,726,4.58,95,4.59,110,162,162,162,162,9.0,52,60,1.4,135,216,1326,1423,18,20,1425.1,1071,1058,0.3,0.68,85,6029,28.6,3.89,4.91,597,630,796,17.0,24401899.0,33,70,40,15,0.38,2.47,7.7,1341,1215,37,0.0,2085,DET,130959889.0,64,1.3430000000000002,54,2018,0,2
41,22,158520510.0,278,18,5453,4542339.333333333,0.255,2.7,565,435,5913,4,28.2,2189400.0,3,26,556400.0,503,3.11,130,3.23,156,159,162,162,162,7.2,61,66,0.9,205,152,1390,1164,19,4,1455.0,1052,1014,0.329,0.754,109,6146,30.0,4.92,3.3,763,797,534,9.0,4027264.0,36,71,45,14,0.425,3.88,10.4,1197,1687,46,0.0,2319,HOU,163524216.0,103,1.099,67,2018,2,12
49,27,83618228.0,283,29,5505,4331494.033333333,0.245,3.5,427,549,6284,4,28.6,4398500.0,2,38,7189167.0,786,4.94,87,4.66,123,160,162,162,162,9.7,67,51,1.3,155,205,1350,1542,13,28,1432.0,1063,1155,0.305,0.6970000000000001,91,6063,27.6,3.94,5.14,606,638,833,19.0,37811905.0,30,117,40,24,0.392,2.11,7.3,1310,1157,33,0.0,2156,KCR,129944821.0,58,1.46,68,2018,0,8
60,35,91914083.0,249,23,5472,4696891.594594595,0.242,3.4,514,546,6108,3,29.6,1635000.0,1,22,57532566.0,662,4.15,101,4.36,111,161,162,162,162,8.5,73,65,1.3,214,205,1323,1353,38,17,1437.1,1071,1074,0.313,0.726,100,6108,27.5,4.45,4.46,690,721,722,7.0,24194770.0,37,89,39,7,0.413,2.54,8.7,1300,1386,35,0.0,2260,LAA,173784989.0,80,1.321,87,2018,1,9
52,31,160502596.0,296,33,5572,4989551.125,0.25,2.6,647,422,6096,10,28.1,5590000.0,0,24,3908850.0,554,3.38,115,3.6,119,163,163,163,163,7.8,61,61,1.1,235,179,1394,1279,47,39,1476.0,1163,1058,0.333,0.774,109,6358,29.2,4.93,3.74,756,804,610,3.0,30541679.0,40,75,39,39,0.442,3.71,9.5,1436,1565,48,0.0,2461,LAD,199582045.0,92,1.152,39,2018,0,11
51,29,43033514.0,222,24,5488,2961866.4516129037,0.237,3.8,455,605,6236,6,27.5,6200000.0,1,31,15407490.0,762,4.76,77,4.57,119,160,161,161,161,8.7,73,71,1.2,128,192,1303,1388,26,73,1442.0,1123,1101,0.303,0.659,87,6083,27.6,3.66,5.02,554,589,809,26.0,31020460.0,31,45,31,32,0.35700000000000004,2.06,7.8,1384,1249,30,0.0,1957,MIA,91817860.0,63,1.382,47,2018,0,12
53,30,89888839.0,252,24,5542,3027278.222222222,0.252,3.4,537,553,6114,5,28.8,3275700.0,0,32,7321500.0,606,3.73,110,4.01,128,163,163,163,163,7.8,58,61,1.1,218,173,1398,1259,32,34,1461.0,1106,1072,0.32299999999999995,0.747,99,6210,28.8,4.63,4.04,711,754,659,22.0,11383150.0,36,124,41,29,0.424,2.58,8.8,1458,1428,49,0.0,2352,MIL,108982016.0,96,1.24,50,2018,0,14
54,36,56254373.0,318,22,5526,3300272.0,0.25,3.6,534,573,6287,0,28.2,2215000.0,2,27,29213890.0,721,4.5,98,4.39,89,160,162,162,162,8.9,37,80,1.2,166,198,1380,1425,25,34,1443.1,1087,1182,0.318,0.723,95,6154,28.5,4.56,4.78,704,738,775,21.0,29264527.0,35,47,38,19,0.405,2.4,8.6,1328,1377,37,0.0,2240,MIN,115509520.0,78,1.384,59,2018,1,7
56,30,82655203.0,265,34,5468,4551151.121212121,0.234,3.0,566,484,6178,2,28.3,5452000.0,3,39,49831436.0,661,4.07,91,3.97,116,159,162,162,162,8.4,73,71,1.1,170,185,1282,1364,36,32,1460.2,1104,1089,0.312,0.701,97,6177,28.0,4.17,4.36,649,676,707,12.0,15314261.0,33,71,42,28,0.389,2.99,8.9,1404,1446,41,1792000.0,2125,NYM,150187987.0,77,1.265,26,2018,1,15
49,27,148010829.0,269,23,5515,4739425.02631579,0.249,3.1,625,494,6141,4,27.2,3130000.0,2,21,22568376.0,611,3.78,116,3.63,107,160,162,162,162,8.1,62,58,1.1,267,177,1374,1311,21,9,1456.1,1100,1103,0.329,0.7809999999999999,108,6271,28.8,5.25,4.13,821,851,669,6.0,9249414.0,38,63,59,10,0.451,3.31,10.1,1421,1634,49,0.0,2490,NYY,180098151.0,100,1.239,73,2018,2,11
53,34,61525657.0,322,20,5579,2294722.5142857144,0.252,2.9,550,474,6099,2,28.0,6745000.0,2,21,4972604.0,621,3.81,109,4.18,136,160,162,162,162,8.0,76,53,1.1,227,184,1407,1303,18,19,1465.2,1085,1028,0.325,0.764,109,6255,29.2,5.02,4.16,778,813,674,28.0,10118631.0,35,35,44,6,0.439,2.61,7.6,1381,1237,44,0.0,2450,OAK,80315288.0,97,1.212,86,2018,2,14
48,31,97016347.0,241,30,5424,2607436.775,0.234,3.1,582,500,6138,7,26.7,2045000.0,0,26,0.0,665,4.14,101,3.83,102,162,162,162,162,8.5,64,60,1.1,186,171,1271,1366,33,35,1445.2,1120,1073,0.314,0.7070000000000001,89,6136,26.8,4.18,4.49,653,677,728,23.0,6936684.0,40,69,32,32,0.393,2.93,9.1,1520,1465,44,0.0,2130,PHI,104297471.0,80,1.291,81,2018,0,12
48,24,67576415.0,290,38,5447,2677231.205882353,0.254,3.1,474,497,6144,6,27.8,3302000.0,3,38,4670500.0,637,4.0,97,4.06,121,158,161,161,161,8.7,59,69,1.1,157,174,1381,1380,38,43,1434.0,1071,1149,0.317,0.725,98,6066,26.5,4.3,4.3,665,692,693,27.0,17492114.0,34,70,52,31,0.407,2.69,8.4,1229,1336,40,0.0,2218,PIT,91025861.0,82,1.3090000000000002,95,2018,2,16
49,30,50169797.0,250,30,5486,3146776.8181818184,0.235,3.2,471,519,6254,4,26.8,4274200.0,0,36,6764800.0,713,4.4,88,4.1,122,162,162,162,162,8.8,31,68,1.1,162,185,1289,1430,28,28,1457.0,1028,1116,0.297,0.677,87,6059,27.7,3.81,4.73,583,617,767,24.0,44479430.0,33,95,36,35,0.38,2.7,8.6,1523,1399,36,545000.0,2085,SDP,103843635.0,66,1.338,52,2018,0,5
53,32,136839663.0,256,32,5513,4236679.657894737,0.254,2.5,430,400,6073,3,29.8,4025600.0,3,37,13496812.0,664,4.13,99,4.05,128,159,162,162,162,8.7,70,72,1.2,176,195,1402,1396,17,21,1448.2,1084,1016,0.314,0.722,102,6087,29.0,4.18,4.39,644,677,711,10.0,9361340.0,38,79,41,29,0.408,3.32,8.3,1221,1328,60,0.0,2250,SEA,160993827.0,89,1.24,57,2018,1,12
48,27,119689218.0,255,30,5541,6427042.125,0.239,3.2,448,524,6191,4,29.8,3283000.0,1,34,64341827.0,641,3.95,99,3.98,113,161,162,162,162,8.5,49,45,1.0,133,156,1324,1387,40,37,1461.1,1101,1108,0.3,0.667,84,6113,28.6,3.72,4.31,573,603,699,2.0,21136053.0,32,77,42,33,0.368,2.42,7.8,1467,1269,36,0.0,2038,SFG,205665348.0,73,1.308,44,2018,1,15
49,30,113991329.0,248,9,5498,4549564.194444444,0.249,3.7,525,593,6271,4,28.0,2310900.0,1,32,27345600.0,622,3.85,101,3.97,92,161,162,162,162,8.4,80,67,0.9,205,144,1369,1354,40,49,1455.1,1101,1214,0.321,0.73,99,6200,26.7,4.69,4.27,725,759,691,8.0,20907798.0,36,63,48,46,0.409,2.25,8.3,1380,1337,43,0.0,2250,STL,163784311.0,88,1.338,63,2018,1,8
54,31,25668988.0,274,43,5475,1966004.7714285715,0.258,3.1,540,501,5992,6,27.1,8225000.0,0,51,2213706.0,602,3.74,111,3.82,122,162,162,162,162,7.7,101,53,1.0,150,164,1415,1236,17,34,1448.1,1156,1001,0.333,0.74,105,6195,27.1,4.42,3.99,664,716,646,30.0,35944023.0,35,128,50,28,0.406,2.84,8.8,1388,1421,52,0.0,2225,TBR,68810167.0,90,1.199,55,2018,0,14
50,32,96239016.0,266,24,5453,4017857.657142857,0.24,3.1,555,491,6231,8,27.4,3325000.0,1,35,6683451.0,783,4.92,99,4.79,104,161,162,162,162,9.5,88,72,1.4,194,222,1308,1516,16,23,1431.0,1093,1090,0.318,0.722,88,6163,30.4,4.55,5.23,696,737,848,16.0,36936251.0,35,74,34,33,0.404,2.28,7.1,1484,1121,42,0.0,2204,TEX,140625018.0,67,1.403,57,2018,0,5
63,36,81293347.0,320,16,5477,4079625.5945945946,0.244,3.5,499,551,6265,5,28.9,5450000.0,0,30,20481474.0,772,4.85,87,4.53,118,162,162,162,162,9.3,58,67,1.3,217,208,1336,1476,15,19,1433.2,1036,1132,0.312,0.7390000000000001,103,6076,29.3,4.38,5.14,680,709,832,11.0,48740616.0,37,47,37,5,0.4270000000000001,2.36,8.1,1387,1298,39,0.0,2339,TOR,150946147.0,73,1.414,71,2018,0,3
53,31,130197979.0,284,25,5517,5182360.257142857,0.254,3.0,631,487,6087,6,27.6,4481000.0,2,33,8999485.0,649,4.04,106,4.15,104,160,162,162,162,8.2,59,76,1.2,191,198,1402,1320,56,37,1446.0,1180,1067,0.335,0.753,98,6288,30.2,4.76,4.21,737,771,682,5.0,41161720.0,35,119,40,41,0.419,2.91,8.8,1289,1417,40,0.0,2309,WSN,181382609.0,82,1.25,42,2018,1,7
